名字,所在地?粉丝数量,
KEYL272,湖南?- 长沙,1436100
h3R3,北京,1028542
lifong668,湖北?- 武汉,0
张杰,北京,3079658
米球?河北?- 石家?1,,
刘大壮_-,湖南?- 长沙,2392028
LBI利比,河北?- 石家?155600,
小奶包panda412,香港,2941
杨和苏KeyNG,北京,1183744
乱太?广东?- 广州,2919,
法老pharaoh420,上海,2905098
Capper_Official,陕西?- 西安,862719
僵尸King,云南?- 昆明,3843670
徐泽bre,湖北?- 武汉,2007859
汪苏?北京,2975104,
合法超?上海,1,
XMASwu,安徽?- 宣城,510156
音乐人赵?北京,2843834,
卡布叻_周深,贵州?- 贵阳,3761151
龙轩?江苏?- 盐城,445,
隔壁老樊c,北京,8440559
霜风絮语,贵州?- 贵阳,717
GAI周延,重庆,1453834
Franky弗兰?四川?- 成都,23889,
songzhiweng,广东?- 江门,0
MoreLearn27,海南?- 万宁,24966
Starling8,江西?- 上饶,76920
徐秉?浙江?- 台州,2409158,
MCHotDog热狗_official,上海,434358
早上好吃了么,江苏?- 南京,229695
许佳豪_?河南?- 许昌,326795,
董强,江苏?- 南京,2925
无言泪水,新疆 - 乌鲁木齐,2
-KFP-,湖南?- 长沙,379840
粑粑味的王巨?吉林?- 四平,1623753,
是阿冗的?浙江?- 杭州,774600,
123654,北京,0
周兴哲EricChou,台湾?- 台北,665185
ICEKING_FF,四川?- 成都,504231
知行者澜,山东?- 济南,20
余佳?浙江?- 宁波,1306083,
方大?北京,848681,
GALIxGALI,上海,512271
世杰?,江苏?- 南京,2916
YoungJack满舒?北京,1333266,
与梦境为邻乀,广东?- 广州,1
黄礼格_hooleeger,北京,75440
邵帅,河南?- 周口,1276684
張震?台湾?- 台北,614448,
Aioz林昭?山东?- 烟台,195585,
Ice-Paper,江苏?- 南京,1053108
沙一汀EL,上海,1516717
杨宗?台湾?- 台北,1459177,
杜宣达达?湖南?- 长沙,386586,
杨培安RogerYang,台湾?- 高雄,33921
lambertling,江苏?- 南?790651,
周柏?香港,920174,
张信哲JeffChang,台湾?- 台北,816178
王赫野HEYE,北京,209789
音乐人柳?北京,850665,
asdfgaasdf,内蒙?- 呼伦贝尔,0
_高旭,黑龙江省 - 哈尔?54695,
SWQUN21,安徽?- 合肥,0
布瑞?江苏?- 南京,470581,
廖俊?重庆,590892,
焦迈?山东?- 潍坊,1957292,
BTOSEVEN,河北?- 邯郸,56010
达浪?福建?- 厦门,84251,
王杰,香港,632662
谓之太一,北京,1983051
王力?台湾?- 台北,1364949,
陶喆,北京,703499
葛东?上海,812436,
王恩?黑龙江省 - 大庆,83867,
徐良,北京,595375
