url,title,play,user
/playlist?id=2859214503,[一周欧美上新] 梦龙十年纪念豪华版专辑发布demo版本正式公开,3472万,云音乐官方歌单
/playlist?id=6675213621,[当代节奏布鲁斯] 来一杯丝滑且醇厚的R&B咖啡,129万,云音乐官方歌单
/playlist?id=7461646215,[她力量] 手握麦克风的她们势不可挡,49万,云音乐官方歌单
/playlist?id=7479923898,[HIIT一下] 热力节奏，极速燃脂！,39万,云音乐官方歌单
/playlist?id=7403566770,[健身必备] 动感节奏点燃训练激情,148万,云音乐官方歌单
/playlist?id=2829816518,[欧美私人订制] 最懂你的欧美推荐 每日更新35首,40519万,云音乐官方歌单
/playlist?id=5212729721,[欧美点唱机] 重温热播欧美流行单曲 每日30首,2590万,云音乐官方歌单
/playlist?id=5252671474,[Trip?Hop]?神游舞曲 致幻神游,397万,云音乐电音专区
/playlist?id=6654532835,[打游戏听说唱] 说唱律动是你最佳游戏伴侣,619万,云音乐官方歌单
/playlist?id=7336545029,[卧室漫游] 盖上被子 独享你心里的宇宙,76万,云音乐官方歌单
/playlist?id=5395488578,[一周欧美说唱] Nav与Yeat各发新项目，小乌兹或成本周最大赢家,698万,云音乐官方歌单
/playlist?id=7461440491,[HipHop练习曲] 律动型歌荒拯救计划,108万,云音乐官方歌单
/playlist?id=5212877669,[EDM Progressive House] 感受电音正能量,396万,云音乐电音专区
/playlist?id=2829779628,[运动随身听] 必听活力音乐燃料 今天运动了吗,8163万,云音乐官方歌单
/playlist?id=7536731516,Chill Time丨治愈且自由的独处时刻,32万,丨IIIIIIIIII丨
/playlist?id=6948039584,微醺｜R&B 慵懒 浪漫氛围感,305万,-孤岛与海_
/playlist?id=2174828773,【治愈】?清晨与落日，缓缓而幸福,356万,鼠一属二
/playlist?id=7536827188,Chill Time丨夜晚舒压 臻享都市慢时光,30436,丨IIIIIIIIII丨
/playlist?id=7559330337,Chill Time丨落日渐沉 晕染宁静小时光,48567,丨IIIIIIIIII丨
/playlist?id=7587529865,Chill Time丨游弋于晚风中的悠然心绪,26173,丨IIIIIIIIII丨
/playlist?id=7502723803,Chill Time丨午后迷醉 阳光下的绿色心情,7651,丨IIIIIIIIII丨
/playlist?id=7533927134,欧美女电?治愈节拍，心跳撩耳派对,15万,Martin网易云Carlos
/playlist?id=7556821079,『欧美民谣』在夜半的小镇享受安静,71516,我你爹奥
/playlist?id=7525843279,欧美Rapper：携耳朵追寻灵魂自由,17万,野原狭志
/playlist?id=7536883235,浪漫情调丨烛光下的微醺小酒馆,29306,丨IIIIIIIIII丨
/playlist?id=7619559764,欧美｜今夜就带着微醺的醉意，去梦里见你,48210,夏日与晚安君
/playlist?id=7520489409,毒性Trap｜高能噪点，冷酷Vibe,51717,Martin网易云Carlos
/playlist?id=7506971090,别再拖延！随电而动，塑造强健体魄?,16万,Martin网易云Carlos
/playlist?id=6960440256,一些很欲 缠绵 性感 的歌｜欧美,97万,alwaysbeROMANTIC
/playlist?id=7565036487,欧美撩耳旋律｜心动节拍?浪漫主义,61990,Martin网易云Carlos
/playlist?id=7523723787,放风筝的时候，风筝和人都不自由。,55195,Musrr
/playlist?id=7500446879,世界披头士日?|?摇滚精神永不消逝,21万,网易云音乐
/playlist?id=7544013337,清新欧美风｜梦眠于繁花幻境,77308,Martin网易云Carlos
/playlist?id=7519918200,Tropical海岛?清新旋律与解压美学,10万,Martin网易云Carlos
/playlist?id=7571144972,假日Vlog｜跃动节奏，空灵奏鸣曲,38332,Martin网易云Carlos
/playlist?id=7523594445,宅家听女电?唯美之吻，降噪灵动,81995,Martin网易云Carlos
/playlist?id=7524890871,『OCEAN』清新电子，享快乐味海风,66152,Martin网易云Carlos
/playlist?id=7551130936,弹跳力测试｜运动电音，塑造窈窕身材,50251,Martin网易云Carlos
/playlist?id=7562477050,消暑薄荷电韵?悠游空灵节奏浪潮,33317,Martin网易云Carlos
/playlist?id=7547639639,健身攻略｜燃脂电子，突破极限?,68941,Martin网易云Carlos
/playlist?id=7555778320,辣妹必听超拽超酷超High丨欧美Hip-hop,12602,角港
/playlist?id=7562782562,健身必备热电｜燃脂律动，训练核心力量,36681,Martin网易云Carlos
/playlist?id=7545709508,欧美清新电子?放空心情，感受柔和细腻,26677,Martin网易云Carlos
/playlist?id=7501743753,『欧美仙嗓』轻甜攻势?纵情享受,32813,Martin网易云Carlos
/playlist?id=7505069051,燃游激素：生而无畏，优雅致命！,13万,Martin网易云Carlos
/playlist?id=7515083114,欧美唯美风：浪漫电子，涤荡心扉,48134,Martin网易云Carlos
/playlist?id=7528878507,极致踩点｜电能助燃，赛博节奏曲,94628,Martin网易云Carlos
/playlist?id=7518676784,听民谣的人能诉说多少,9336,lOriagxN
/playlist?id=7496016136,游戏BGM：天秀操作，最佳状态值Max,78366,Martin网易云Carlos
/playlist?id=7549731682,【欧美民谣】 故事简单，刚好喜欢,11015,携枪
/playlist?id=634740435,浪漫世界的R&B――咖 啡 馆,260万,LadyLuna_
/playlist?id=7501985279,SUMMER TIME！畅饮清新电子?,26870,Martin网易云Carlos
/playlist?id=7549215499,夜晚治愈电子｜嘘！抗疲劳音韵来袭,26504,Martin网易云Carlos
/playlist?id=7495901995,沉浸女电律动，沁入霓虹秘境,28134,Martin网易云Carlos
/playlist?id=7586839667,小众安利 | 酥化耳朵的欧美宝藏,29844,Dream_d7
/playlist?id=7527037268,『电子冰饮』?清新魅蓝，随心而动,24291,Martin网易云Carlos
/playlist?id=7569305333,欧美节奏控?仙女嗓音&捕音捉影,9822,Martin网易云Carlos
/playlist?id=6620086396,很chill的R&B歌单 节奏布鲁斯 欧美,998万,alwaysbeROMANTIC
/playlist?id=7585174821,轻快节拍丨遣散烦忧 收揽一天的好心情,21876,丨IIIIIIIIII丨
/playlist?id=7511223083,『欧美节奏控』即刻沦陷于氤氲气息,24031,Martin网易云Carlos
/playlist?id=7506664469,放松心情丨捕捉美好 享受一份宁静的惬意,76585,丨IIIIIIIIII丨
/playlist?id=7504585045,女嗓珍藏馆：迷失于电韵音海之中,41629,Martin网易云Carlos
/playlist?id=7514744502,杀戮开启?节奏续航，称霸战场,65472,Martin网易云Carlos
/playlist?id=7627772706,深夜歌单 | 来自月亮邮寄员的温柔,22582,Dream_d7
/playlist?id=7536942402,高燃时刻｜节奏卡点?丝血反杀！,35560,Martin网易云Carlos
/playlist?id=7560758066,有氧马拉松?中速迈步律动，轻松跑完全程,6991,Martin网易云Carlos
/playlist?id=7585522896,假日心动甜美｜注入一剂电音活力剂,10318,Martin网易云Carlos
/playlist?id=7508690024,夏日绚彩电子｜漫步氤氲秘境,31750,Martin网易云Carlos
/playlist?id=7522011392,清舒电韵?轻松氛围，幻粉暧昧呓语,77954,Martin网易云Carlos
/playlist?id=7504337897,?甜酷欧美：飒爽而神秘是高傲面纱,8075,野原狭志
/playlist?id=7535628567,夜店热场曲｜霓虹电子?唯美之境,25265,Martin网易云Carlos
/playlist?id=7586089368,「欧美清新小调」吹进耳朵里的清风,7239,角港
/playlist?id=7502328982,『栀夏元气电子』横扫热夏的清新味道,44107,Martin网易云Carlos
/playlist?id=7553711970,夜店蹦迪｜震撼强音，极限轰趴体验,5555,Martin网易云Carlos
/playlist?id=7525156958,浪漫轻小调??曼妙电子，心动漫溢的风,15786,Martin网易云Carlos
/playlist?id=7518489821,电竞主宰者：极致律动，再创传说?,27836,Martin网易云Carlos
/playlist?id=7569152019,绝杀时刻：狂暴战曲?浴血重生！,18722,Martin网易云Carlos
/playlist?id=7534985889,清新薄荷味?海风呢喃，夏日电子甜意,7966,Martin网易云Carlos
/playlist?id=7491013735,暴汗减脂：爽感节奏，压力尽释,32137,Martin网易云Carlos
/playlist?id=7601516373,动感DJ：电感EDM与无尽亢奋?,5660,Martin网易云Carlos
/playlist?id=7514565794,电韵特调冰饮?清新Flow，赶走酷夏,6580,Martin网易云Carlos
/playlist?id=7593571672,清爽电离?微醺下的缥缈轻逸,6752,Martin网易云Carlos
/playlist?id=7571179427,洗耳旋律?粉色日落与温柔海岸线,28915,山海共存_
/playlist?id=7550802153,欧美舒心曲｜脱俗旋律，电子小清新,4979,Martin网易云Carlos
/playlist?id=7509253392,打游戏没手感？电潮汹涌?指尖灵动,25769,Martin网易云Carlos
/playlist?id=2954650550,『玩游戏』节奏满满 瞬间爆炸,4869万,the-trap
/playlist?id=2727853808,超级安利的午后必听英文歌曲,1174万,TeMpT-y
/playlist?id=7556446209,『清新电子』心动旋律?蜜橘之夏,4958,Martin网易云Carlos
/playlist?id=7513348820,人间浪漫 | 生活总有意想不到的惊喜,57164,月亮藏不住的小情绪
/playlist?id=7522281294,『游戏电音』逆转败局，此单足矣！,15786,Martin网易云Carlos
/playlist?id=7513347529,欧美女嗓精选：唯美声线?究极旖旎,4219,Martin网易云Carlos
/playlist?id=2853788694,Random丨听着就很快乐的英文歌,1258万,-柚梨-
/playlist?id=7582065028,1小时骑行：耳膜冲刺！燃脂能力Max,8314,Martin网易云Carlos
/playlist?id=7506682976,毒系女电?电弧缭绕，入耳迷醉,8633,Martin网易云Carlos
/playlist?id=7573042565,假日限定｜电律缱绻，清新绽放！,1451,Martin网易云Carlos
/playlist?id=7560770106,醒脑节奏丨霓虹穿梭 城市律动,40301,丨IIIIIIIIII丨
/playlist?id=7524995810,『燃脂大作战』电能续航，奔跑不停歇,5958,Martin网易云Carlos
/playlist?id=5032026292,小众歌单‖治愈温柔英文歌曲 ? ,342万,-孤岛与海_
/playlist?id=319588027,安德烈・波切利精选集~穿越心灵的声音,126万,音乐爵士-61F
/playlist?id=7555418520,女玩家战歌?魔法上分BUFF，力挽狂澜！,8927,Martin网易云Carlos
/playlist?id=3097789970,慵懒小调 | 当阳光暖洋洋的洒在草地上,1508万,Acetylspiramycin
/playlist?id=7539146200,超燃战歌?｜超神节奏，尽情收割！,17218,Martin网易云Carlos
/playlist?id=7512064586,日落余晖 | 想和喜欢的人一起去海边,6945,月亮藏不住的小情绪
/playlist?id=7497459914,欧美温柔男声 | 日落尤其温柔人间皆是浪漫,8490,月亮藏不住的小情绪
/playlist?id=7411788423,Chill Time丨夏日海风与棕榈树的浪漫遐想,52977,丨IIIIIIIIII丨
/playlist?id=7599748711,〖欧美女嗓〗轻松海风吹过温柔的守候,3459,StriveToAchieve
/playlist?id=7522210425,健身TIME｜撸铁燃电，自律的你yyds,7957,Martin网易云Carlos
/playlist?id=7521871903,迷蒙女电?清新灵动的节奏浪潮,5807,Martin网易云Carlos
/playlist?id=5269453086,「Hip-hop研究所」潮酷出街丨开启你的Swag,180万,丨IIIIIIIIII丨
/playlist?id=7494557654,运动节奏控 | 声控抖腿，品味脱脂套餐,9394,Martin网易云Carlos
/playlist?id=7537171398,静享时光 | 感受微风与温柔相互碰撞,53657,月亮藏不住的小情绪
/playlist?id=7490884222,冷门宝藏：电音与声线的完美结合,8520,野原狭志
/playlist?id=6619500494,Photography?|?复古胶片?梦境漫游,97万,尘埃之海
/playlist?id=7505328059,梦幻夏日丨浪漫黄昏里的美式复古风,10670,丨IIIIIIIIII丨
/playlist?id=2771125155,盛夏荷尔蒙 | 通勤路上的心动旋律,328万,弄潮儿电台
/playlist?id=5180437876,日落大道｜晚霞棕榈下的复古心绪,343万,NeilShine_
/playlist?id=2445945181,"我永远屈服于温柔，你是温柔本身",755万,杉茶先生
/playlist?id=7564628151,甜系电子?钟情于旋律，撩动心弦100%,3026,Martin网易云Carlos
/playlist?id=7567784910,健身必备热电｜酣畅淋漓的动感魅力,1678,Martin网易云Carlos
/playlist?id=2094091970,【R&B】慵懒的感觉非常舒服,3547万,猴里贵好想吃豆腐花
/playlist?id=5204401228,『R&B』温柔与慵懒交织的氤氲梦境,356万,mightbeinsane4ever
/playlist?id=6994450975,【浓情爵士】久经思念的黄昏，缓缓而来的你,15万,鼠一属二
/playlist?id=167966646,『New RnB』最新R&B味道,也许你都没有听过,277万,VEEZiE_WYGD
/playlist?id=5172099805,复古浪漫丨与你消磨精致而苍老的宇宙,167万,丨IIIIIIIIII丨
/playlist?id=2155383482,正宗好货 | 请打开随机播放收听,325万,Trickyboiii
/playlist?id=2653868848,【德语】莱茵河畔之风拂过心田,24万,Raba丶2112
/playlist?id=7559717442,岁月如歌 | 陪你烟火伴你风雨-自驾循环,9326,双双1212qf
/playlist?id=7510309600,欧美小众 | 探索未被发现的宝藏歌曲,2527,月亮藏不住的小情绪
/playlist?id=7502502674,飙车党必备｜节奏控?心跳快过车速,12万,Martin网易云Carlos
/playlist?id=7602291258,［慵懒微醺］出逃吧 在日落黄昏前,767,古瑞斯Graps
/playlist?id=7621881069,「英文歌」将轻快塞满地球,29705,贝克克y
/playlist?id=7026708053,化妆?洗澡｜随机播放playlist?,161万,秋chill的首席推歌官
/playlist?id=6597679343,慵懒随性 | 戴上耳机舒适度100%,699万,期待每次见面
/playlist?id=6968174686,慵懒小众｜神曲级别迷幻吟唱,367万,花信空
/playlist?id=5475161057,民谣小调丨轻倚光阴 无尽闲暇在此刻,12万,丨IIIIIIIIII丨
/playlist?id=7556024386,【节奏控】超级好听的欧美神曲,23688,贴一角夕阳
/playlist?id=433008347,寻一处僻静角落听大叔弹唱,735万,泥娃娃Doll
/playlist?id=7519985063,游戏BGM｜电能冲剂，助你逆风翻盘,50188,Martin网易云Carlos
/playlist?id=2411629173,温柔英文歌-睡觉专用,3592万,w柚w
/playlist?id=6755721491,欧美｜落日黄昏浪漫至死不渝,194万,PinkSway
/playlist?id=7493960961,游戏BGM | 高燃战歌，逆境重生！,33170,Martin网易云Carlos
/playlist?id=7547370962,失落孤岛 | 品味尘世孤独与寂静为伴,1552,月亮藏不住的小情绪
/playlist?id=7426512592,夏日度假丨海风拂面的清爽音律,44万,丨IIIIIIIIII丨
/playlist?id=6657577717,小众作祟_沉沦迷幻的爱,127万,配枪的茱丽叶
/playlist?id=2709554023,好听到炸的英文歌单！！！好歌单，不解释。,608万,cloud_杰
/playlist?id=2952117017,晚安曲丨生活细碎 万物成诗,88万,丨IIIIIIIIII丨
/playlist?id=802186231,安静的英文歌，舒缓心情,318万,戴尔摩斯
/playlist?id=3198941866,宝藏R&B：那些挑动心弦的惊艳佳作,724万,BAEK-J
/playlist?id=7601357722,拒绝单调！带电热身/放松，压力尽消?,914,Martin网易云Carlos
/playlist?id=6919282294,Hip-hop | 又拽又酷的小姐姐歌单,239万,WUlian_M
/playlist?id=7079126547,想和你一起微醺崦 ｜沦陷于此,184万,怡爆炸
/playlist?id=7509165154,Future Bass｜绵柔电子，置身仙境,1678,Martin网易云Carlos
/playlist?id=85106466,沧桑●欧美大叔，入耳即醉的经典,1977万,-_Coldplay_-
/playlist?id=7616549503,好身材必备！燃脂电音，沉浸心动节奏,1166,Martin网易云Carlos
/playlist?id=6678233267,温暖爵士｜咖啡与猫，治愈周末时光,148万,十三逆旅Cobain
/playlist?id=5169111277,放轻松 就当漫游地球 来和我一起听吧！,1148万,大大怪怪阿姨
/playlist?id=312734124,【节奏控】超带感的英文歌（经典篇）,16111万,原点FM
/playlist?id=7439467496,夏日回想 | 沉醉在微风与晚霞中,17万,尘埃之海
/playlist?id=7588082450,小众微醺 | 于日暮轻拾细碎温柔,1354,Dream_d7
/playlist?id=6849008938,小众好听英文歌｜宝藏音乐时光,109万,Headhunter-z
/playlist?id=2863615757,双倍快乐 | 听了心情会变好,244万,RgC2
/playlist?id=2703033645,『1w+热评』欧美万评撩耳男声（单曲循环）,6655万,冷森Listen
/playlist?id=4973646434,静享时光|午后阳光下的慵懒欢快小调,316万,后原
/playlist?id=307460409,适合玩游戏/写作业时听的音乐,2961万,晓雾未散
/playlist?id=2140808907,Louis Vuitton 路易威登（店内曲精选）,315万,Carroll-Shelby
/playlist?id=7587903972,健身进行时：澎湃电音，高效燃脂?,1733,Martin网易云Carlos
/playlist?id=7488984978,暖阳微醺｜所幸世上有光总会相遇的,13万,月亮藏不住的小情绪
/playlist?id=4870565549,民谣小调｜纵享休闲时刻的惬意,453万,Rhaast
/playlist?id=987527362,极致旋律：超好听的欧美歌曲大赏！,1038万,马翊辰
/playlist?id=2873336061,旋律说唱，听你诉说这个世界,402万,原点FM
/playlist?id=2289361714,【99℃耳朵怀孕系列】值得单曲循环的英文歌,482万,是你的顾柒柒_cc
/playlist?id=7575209471,酷酷的歌 ? 要悄悄努力 然后惊艳所有人,9553,月亮藏不住的小情绪
/playlist?id=6648791481,放空随想录丨酣醺黄昏编织温柔眷恋,16951,丨IIIIIIIIII丨
/playlist?id=7514091574,欧美爆燃卡点丨节奏感爆发的极致体验,80113,古瑞斯Graps
/playlist?id=3229941142,【R&B】都是些喝酒时听的歌,307万,猴里贵好想吃豆腐花
/playlist?id=2237048282,【万评电音】抬头，已是一片星海,2244万,谐星七十六号
/playlist?id=7467635660,精致女嗓丨俘获心动的迷人旋律,13万,丨IIIIIIIIII丨
/playlist?id=2518831221,英文歌的天花板,2580万,ruiRuishy
/playlist?id=7422454990,旋律R&B｜梦幻、甜蜜、荡漾氛围的爱,35万,Bzstrive
/playlist?id=6881875036,[ 复古留机 ] 浪漫的千百种表达方式,107万,秋chill的首席推歌官
/playlist?id=7601896861,车载氛围电子｜沁心律动，耳膜冲刺,1166,Martin网易云Carlos
/playlist?id=2186405575,【Rap】说唱嘛 跟着晃就完事了,591万,猴里贵好想吃豆腐花
/playlist?id=7595080537,凌晨探险家?午夜放空，电子震动幻境,750,Martin网易云Carlos
/playlist?id=168315852,『R&B and RnB』R&B巅峰时期作品大全,104万,VEEZiE_WYGD
/playlist?id=7274227578,「R&B入耳即醉」放松心情 缓解焦虑,45万,RyanZ阿郑
/playlist?id=6954660951,「欧美」情遇英式小酒馆的浪漫?,906万,-沐安_
/playlist?id=5381877263,「打游戏必备歌单」收藏最新超燃歌曲,100万,_云端上的鱼
/playlist?id=11067348,世界顶级沙发酒吧音乐。,1582万,川水也
/playlist?id=2503601617,Trap｜R&B 在你的生命里加点黄色,128万,奇怪少女7
/playlist?id=404263661,【节奏控】超带感的英文歌③（惊艳篇）,3343万,原点FM
/playlist?id=124923559,【百年经典】欧美时光穿梭机,137万,ModernTony
/playlist?id=6662878509,即刻律动 ? 节奏当道 | R&B/Trap/Hip-Hop*,189万,Bronkent
/playlist?id=4894076787,欧美慵懒向｜ 独行的人总会遇到有趣的人,160万,懒瑟不懒
/playlist?id=5240172096,戴上耳机?拥抱美好与今晚的秋风,354万,樱桃味音乐
/playlist?id=7520532957,轰炸在电音浪潮,25820,lOriagxN
/playlist?id=6839052279,惊艳女嗓丨极致个性 闻声心动的旋律,121万,丨IIIIIIIIII丨
/playlist?id=2748492595,欧美万评优质女声?萦绕耳畔忆于心间,3406万,冷森Listen
/playlist?id=4861736970,欧美流行歌曲的天花板了吧,163万,yxich01
/playlist?id=7554040850,欧美极致女声 - 爵士・蓝调,1086,夏日与晚安君
/playlist?id=395901752,「天使坠落」 敏感是万恶之源,263万,Seumas
/playlist?id=5361129558,【欧美】让你一秒倾心的神级电音??,52万,RuHIgeKatze
/playlist?id=6860376211,好听的英文歌持续更新中,760万,洛林s
/playlist?id=429253487,Hip-Hop/90s/Golden Age/Old School,72万,ZTM41
/playlist?id=2941287037,那些好听又找不到的英文歌～,409万,RNG子轩
/playlist?id=3101613217,【厝嵘ひ簟keshi/demxntia,168万,月亮eX
/playlist?id=7462935100,深情对唱 | 电影里真爱至上的浪漫,12万,蝶影丛虫
/playlist?id=2335993921,清晨起来打开窗，心情美美哒,556万,孤独中清醒
/playlist?id=22409444,独享时光，在旅行中找到自己,61万,墨_子
/playlist?id=731340834,油 管 `好听到爆的英文,1386万,神不登登-
/playlist?id=7533465971,飙车燃律｜醒脑电浪，时速爆表?,8155,Martin网易云Carlos
/playlist?id=465977205,〖温柔男嗓〗 磁性的声音给你不一样的心动,722万,浮丨光
/playlist?id=5455674946,晚安序曲 | 把浪漫和温柔藏进美梦里,60万,与银河对视
/playlist?id=2469559434,【欧美风】碧梨/霉霉/戳爷/比伯/萌德/断眉,338万,温柔叉烧
/playlist?id=2114154989,【治愈英语歌】温柔的灵魂终将相遇,612万,二十拽
/playlist?id=2641429775,一个适合随机播放的英文歌单,96万,______r
/playlist?id=128995744,【大叔嗓精选集】是谁的嗓音俘获你的心,925万,黄彦纲
/playlist?id=7567415651,欧美｜人们终将落俗，但浪漫至死不渝,9752,夏日与晚安君
/playlist?id=7580814672,燃脂提神剂｜自由奔跑，感受活力风潮！,851,Martin网易云Carlos
/playlist?id=2584413932,R&B | 极致女声-或低沉性感或甜美柔情,510万,口袋里的黑白键
/playlist?id=3131035907,一秒沦陷 | 超好听的Remix,1428万,故事且温柔83
/playlist?id=5200022097,微醺 慵懒 高级感 [又纯又欲],568万,邓邓yuuuu
/playlist?id=19971832,20首欧美经典电影的经典金曲,146万,墨_子
/playlist?id=5377792761,开心能量棒?|?点亮心情的冷门宝藏,114万,弄潮儿电台
/playlist?id=7388247922,节奏控｜怦然心动的优美旋律,11万,这条平凡的狗_QwQ
/playlist?id=7527627486,温柔的风｜疲倦落入温柔暮色里,33万,Bzstrive
/playlist?id=2521376051,宿醉感 | 在一个暮色沉沉的早上醒来,397万,未完成的渥修斯基
/playlist?id=3132831247,一个健身女孩的{跑步歌单},638万,Gv-Mira
/playlist?id=7257116526,开口跪 | 侵入耳膜的欧美风歌曲,326万,Chingching丶
/playlist?id=2570474270,专业修复您的耳朵-R&b,95万,6k1Ms
/playlist?id=882129731,节奏感超好的英文歌,305万,你认识hwh吗
/playlist?id=6883618134,【节奏控】一秒心动专属欧美精选,322万,Mr-李吉安
/playlist?id=2161803752,欢快小调・清凉节奏唤醒你的抖腿因子,543万,树洞狸奴
/playlist?id=7240695468,街头随身听丨后都市潮酷青年消遣指南,17768,丨IIIIIIIIII丨
/playlist?id=7607731713,欧美R&B｜微醺中带着浪漫的情调,43225,Listento丶music
/playlist?id=367179654,45度角仰望天空才是听朋克的正确姿势,335万,帅到掉渣
/playlist?id=5153592120,惬意舒适★温馨的阳光照着柔软的枕头,611万,樱桃味音乐
/playlist?id=7359295346,【英文】温柔治愈开口跪系列！,74840,热心音乐人橘子
/playlist?id=1997189512,北欧民谣 | 赐你一剂澄净安逸的心灵圣药,1352万,Xthousis6
/playlist?id=932176943,「PB-R&B 」另类迷幻的空灵音律。,379万,JazzLove
/playlist?id=7448280652,纵享丝滑好旋律,21454,lOriagxN
/playlist?id=2296601213,青柠味复古???凌步夏傍西海岸的空幻,632万,-XxxGreyenios-
/playlist?id=2050976156,Beautiful Now【音乐的力量・电音】,2286万,Damons_Xsw
/playlist?id=608338804,Trap/ 匪帮说唱/精神毒剂,1146万,Kimdolll
/playlist?id=2661667887,直抵心灵深处的欧美伤感女嗓,927万,一个酷爱听歌的骚年
/playlist?id=2882480606,法式清新°普罗旺斯里的浪漫时光,51万,鹿北浠
/playlist?id=2572103899,骑行歌单|听节奏 世界万物皆肃清,15万,kemomi
/playlist?id=5066895299,黄昏序曲｜温柔节奏?冷门宝藏旋律,34万,NeilShine_
/playlist?id=929874845,欧美 | 注入灵魂・流行英文歌曲指南,193万,织秋裤
/playlist?id=2798921885,R&B・沉浸在克莱因蓝的浪漫中,39万,干饭小天才丶
/playlist?id=509250429,酷仔俱凡 | 型男辣妹都在听什么,62万,弄潮儿电台
/playlist?id=7590055467,海边与夜晚｜理想的生活需要一点热爱和心动,66866,Listento丶music
/playlist?id=982458656,最经典欧美乡村音乐集锦,25万,白浪w人
/playlist?id=2040074016,「女声控」音色沁人心 旋律美如画,1259万,怪兽Sound
/playlist?id=2952088224,云端漫步丨迷失在如梦似幻的北欧仙境中,156万,丨IIIIIIIIII丨
/playlist?id=2818648102,「雷鬼音乐500首精选」雷鬼党必藏歌单,33万,侠侣亲子-许天准
/playlist?id=7386964160,元气指南丨轻快节奏与迷人嗓音的极致律动,68912,丨IIIIIIIIII丨
/playlist?id=473759386,〖优质男嗓〗听到就心动的声音,932万,浮丨光
/playlist?id=7501527132,拯救失落 | 每个人心中都有一座孤岛,16382,月亮藏不住的小情绪
/playlist?id=2513522691,梦龙 酷乐 魔力红 林肯公园 共和时代,41万,-Crist-Francis-
/playlist?id=2335937641,『走路带风』那些气场十分强大的歌曲,158万,挪威的童话
/playlist?id=383630156,点进来记得开随机播放:),778万,VITESSE552
/playlist?id=7606795313,电感EDM：热场点缀，感受激扬释放,418,Martin网易云Carlos
/playlist?id=2634203521,迷死人的前奏 百听不厌的前十秒,1100万,安Vivienne
/playlist?id=5474316010,『英文小调』你是我疲惫生活里的希望与糖,148万,陈笑一Joylyn
/playlist?id=2051476669,trap,嘻哈榜，（最洗脑的歌曲）,157万,Boy2099
/playlist?id=7376592408,郊游必备丨沿路的旅途邂逅美妙的奇遇,32万,丨IIIIIIIIII丨
/playlist?id=2218362915,“因为遇到了温柔的人 所以想温柔待人”,121万,树洞狸奴
/playlist?id=7443047337,复古迷幻丨在日升月落里相遇的浪漫,15959,丨IIIIIIIIII丨
/playlist?id=77695007,超好听的小清新英文歌1,1341万,yml-michelle
/playlist?id=4862269763,欧美男嗓丨那些怦然心动的瞬间 都和你有关,44万,丨IIIIIIIIII丨
/playlist?id=934792457,「英伦摇滚」唱片中的昔日时光,886万,xept
/playlist?id=6942947212,Chill Time丨远离浮华的清泠之音 疗愈100％,18469,丨IIIIIIIIII丨
/playlist?id=7613187709,动感地带｜节奏当催眠的声音做梦都不停,36156,Evelauren
/playlist?id=2679916677,『Melodic Rap』 | 令人沉醉的旋律说唱 |,485万,HsiungTheKid
/playlist?id=3228267859,温柔晚安曲 | 我想在梦里飞向宇宙的另一边,1034万,后原
/playlist?id=7033532707,【拽姐出街】 | 辣妹必备~?,182万,goddess-川
/playlist?id=7018479608,灵魂歌手Adele回归|空灵嗓音诠释纯粹深情,338万,网易云音乐
/playlist?id=7442665932,情绪回收站丨风逐云追 月色无处遁逃,34145,丨IIIIIIIIII丨
/playlist?id=7562097076,R&B丨撩人心弦，浪漫节拍,36773,七厘视线
/playlist?id=443637511,欧美轻快小调//让烦恼随风飘散,1920万,赋魅
/playlist?id=533582963,开口即俘获人心，一听就爱上的英文歌,2613万,原点FM
/playlist?id=2920934734,『怀旧欧美』百首不得不听的英文经典,114万,枫jackie
/playlist?id=311692545,【民谣盛宴】100首必听欧美民谣,3035万,pure日月
/playlist?id=7561348669,悠扬之音｜让温暖的音符浸濡耳膜,5237,Bzstrive
/playlist?id=7537430156,慵懒小调 | 想和你一起聆听自然之语,721,月亮藏不住的小情绪
/playlist?id=2160524528,经典而又浪漫的爵士乐，绝不能错过,39万,云音乐曲库
/playlist?id=7518226127,?【万圣狂欢】HYBRID TRAP轻型的手持电子,1635,MoodSight
/playlist?id=5307191849,声色撩人丨一见倾心 迷醉旋律摄入100%,19万,丨IIIIIIIIII丨
/playlist?id=7392935677,悲伤情绪店?承受心天季候，度过无你的四时,27879,鼠一属二
/playlist?id=2819596401,夏日清爽的响指节奏，给心情好好放个假吧,884万,原点FM
/playlist?id=3224375889,硬汉柔情｜徜徉于耳际的乡村情调,37万,Rhaast
/playlist?id=2514269356,欧美微醺 ・ 韵味十足的高级爵士女嗓,533万,shakemyhead
/playlist?id=7469766336,开车必备|安全驾驶 音乐交给我（总和持更）,41368,NavyBluuueSkies
/playlist?id=7546292115,Melodic Dubstep｜旋律回响贝斯,392,ChacMusic
/playlist?id=504347934,开口就爱上的欧美音乐【慎点！】,6284万,ModernTony
/playlist?id=505651201,Deep House丨沉醉于梦境般的迷幻律动,589万,避难所Shelter
/playlist?id=5472208221,欧美|单曲循环系列「持续更新」,71万,人帅个高小汤姆
/playlist?id=2871863641,睡眠治愈曲 | 慵懒撩人，聆听入境,687万,后原
/playlist?id=647135926,『欧美前奏控』论歌曲前奏的重要性,1618万,冷森Listen
/playlist?id=7479752224,「快乐星球」 会让你心情变好的英文歌,34055,柠暖鸭
/playlist?id=2414158210,英语课上的那些英文歌【青春印象】,1729万,云音乐曲库
/playlist?id=389177356,「欧美」开口跪 旋律脆 节奏控,51万,pwdkzl
/playlist?id=7575896074,治愈夕阳｜今天也是与温暖相遇的日子,24220,Listento丶music
/playlist?id=478761222,仙女化妆/洗澡/敷面膜歌单 卡点 节奏,477万,我什么时候变富婆
/playlist?id=7524974380,【2022甜腻到炸】值得单曲循环的英文歌单/,599,迷人D大魔王_
/playlist?id=2314766620,『电音女毒』女声响起，即沦陷之时,1193万,HUMAN00
/playlist?id=6606528455,欧美精选| 温柔轻唱，散步兜风恰好时,326万,数学能有什么坏心思呢
/playlist?id=2623441208,『欧美』热榜pop流行宝藏英文歌曲・持续更新,198万,-李钟硕的yan儿-
/playlist?id=2151381888,『欧美风』节奏感｜运动｜醒脑｜耳孕专用,413万,Cceciliao
/playlist?id=7497664731,欧美温柔女声 | 你的出现温柔了我整个世界,1918,月亮藏不住的小情绪
/playlist?id=7561140095,欧里美气｜陶醉于旋律，烟熏雾弥,582,Martin网易云Carlos
/playlist?id=987359473,戳爷 六公主 碧梨 萌德 断眉 黄老板 joji…,560万,-Crist-Francis-
/playlist?id=631897004,海伦司helens御用歌单,191万,梦屿吧
/playlist?id=2730291578,「皱起的雾」夜空中潜沉着死去的月亮,783万,独行的棕鹿
/playlist?id=5389381525,星空电子「极致电音」逃离梦境的宇航员,71万,PeterMckinnon
/playlist?id=7507958040,重温经典｜穿越时光 历久弥新的欧美老歌,15404,Bzstrive
/playlist?id=7527662653,小众惊艳｜光影陆离 梦幻气泡旋律,8562,Bzstrive
/playlist?id=111126364,超赞！跑步燃脂的健身运动节奏,864万,瑾妤汐
/playlist?id=2561623331,那些好听到单曲循环的歌,977万,_灵芝甘露
/playlist?id=5010875832,闻香寻味｜时光沉淀后方感深邃,268万,52赫兹共振
/playlist?id=2770619504,感觉会在纽约街头潮店听见的高级英文歌,354万,小熊一天吃两罐蜂蜜
/playlist?id=717848220,Trap Remix丨当欧美热单遇上毒性低音,2301万,避难所Shelter
/playlist?id=2839184829,超级无敌好听的英文歌.,1819万,劫戒0809
/playlist?id=7527378245,天鹅绒之夜｜玫瑰凋零在记忆之园,65833,Bzstrive
/playlist?id=2883560847,节奏感强的英文歌[抓耳的旅律不断响起],564万,冷艳争春喜烂然
/playlist?id=7438875716,微醺慵懒 | 趁着醉意和你讲浪漫和爱,13万,月亮藏不住的小情绪
/playlist?id=2049779104,辣妹听hiphop!!,703万,CreepyCreepyCreepy
/playlist?id=4926322,顶级潮牌门店音乐,283万,川水也
/playlist?id=1983368251,冷门另类 | 宝藏歌单,10万,UncleAllen_哥
/playlist?id=7533666370,迷幻空灵 | 穿透灵魂之音在尘世独行,175,月亮藏不住的小情绪
/playlist?id=2393030002,开车听的美国乡村音乐（B）,487万,马克安德森
/playlist?id=153717657,慵懒鼓点 舒服到骨子里,238万,云村人
/playlist?id=2015397679,适合努力学习英语时听的歌曲,2898万,xept
/playlist?id=7562920332,月下探戈｜与你浸泡在微醺夜色里,25765,Bzstrive
/playlist?id=5231163116,【慵懒舒缓向】给你恰到好处的愉悦,172万,W-沙丁鱼罐头
/playlist?id=5103777001,欧美女声英语歌超好听的英文歌欧美流行歌曲,85万,小奈奈n
/playlist?id=6620195607,复古浪潮 | 日落兜风 穿梭于变换的霓虹灯间,81万,期待每次见面
/playlist?id=2907212090,浪漫黄昏|夕阳总会温柔地落在你肩上,492万,Acetylspiramycin
/playlist?id=2660676614,美女??????｜面膜｜洗澡洗脸｜歌单,793万,-crystall-
/playlist?id=981591899,「欧美治愈」愿你被这个世界温柔以待,136万,夕日向暖
/playlist?id=2979201561,「下午茶」街角咖啡店 悠闲下午茶,135万,Amber丶Queen
/playlist?id=985540853,「荒诞的梦」末日余欢与最后的狂奔,66万,苏子星河
/playlist?id=6793651314,节奏控｜健身爱好者的专属福利,57万,这条平凡的狗_QwQ
/playlist?id=100468911,【时尚】潮牌店专属,244万,瘦茶
/playlist?id=110943637,慵懒、烟酒和感人,1081万,QR自z
/playlist?id=2777953134,巨温柔的英文歌?,1087万,奈奈生晴子
/playlist?id=2910905753,那些超好听节奏感超强的英文单曲,105万,妹妹真漂亮-
/playlist?id=36432129,NICE SONG 金曲集,281万,川水也
/playlist?id=2738759532,『爵士音乐』情醉意迷，微醺慵懒的酒馆,556万,一生向海
/playlist?id=2632895324,欧美流行 | 好听到单曲循环的宝藏歌曲,492万,青钢怎可恋人影
/playlist?id=469650054,欢快小节奏 天天好心情,102万,这条平凡的狗_QwQ
/playlist?id=89272476,在欧洲田园般的乡村小路骑单车/不定期更新,845万,DutchDanny
/playlist?id=6947774912,错乱下的粒子漫游,65万,lOriagxN
/playlist?id=6883224040,节奏电音｜宅家不躺平 在线云蹦迪,77万,这条平凡的狗_QwQ
/playlist?id=2637756564,原味美国.乡村音乐,27万,山东-老刘
/playlist?id=9385273,Norah Jones 诺拉-琼斯 女爵士歌手,157万,随风入梦
/playlist?id=2429537442,开口即俘获人心，一听就爱上的英文歌 ②,1385万,原点FM
/playlist?id=780523862,【节奏控】清爽节奏，中毒的旋律循环不止,762万,原点FM
/playlist?id=878055250,没什么比唱起Jazz的你 更性感了,330万,KillBunny
/playlist?id=5373116087,R&B SOUL深陷温柔 ,150万,是贝拉阿
/playlist?id=4874886418,无前奏系列 | 心动挑战，耳朵喜欢好音乐,452万,olly的牙缝
/playlist?id=7478252586,开个咖啡吧放点舒缓音乐,26152,chelife
/playlist?id=549368187,欧美嘻哈＆【篮球节奏控】,753万,毒克文
/playlist?id=2875321368,Trap?Rap?R&B?杂…」,873万,Krixx_
/playlist?id=7505283724,Imagine Dragons｜感受最棒的摇滚音乐质感,3434,不加糖的阔落
/playlist?id=3215691096,[温柔系男声] 宝藏 | 冷门 小众英文歌,37万,不喜桂圆Rumice
/playlist?id=7477547538,在舒缓的旋律中陪你渐入佳境,28045,云村音乐馆
/playlist?id=2390539027,【欧美】那些让耳朵怀孕的英文歌曲～,5073万,Mysterious-Box
/playlist?id=2128071807,Bossa Nova惬意的下午茶时光,321万,卧室坐家
/playlist?id=739981123,响指系｜沉醉于清新悦耳的响指节奏中?,804万,一个酷爱听歌的骚年
/playlist?id=2656845942,三分高冷 七分性感 穿过耳膜亲吻你,548万,Anjunadeep
/playlist?id=6962582540,【私藏歌单】巨巨有感觉的英文歌！超酥！,21万,佛系音乐藏家
/playlist?id=455529212,慢节奏欧美 | 轻吟倾诉，晚来之时风停雨落,72万,Themint
/playlist?id=2942278931,论怎么做一个酷而有品的人,133万,ChokeWhale
/playlist?id=2729238249,欧美经典丨蓝调布鲁斯、,16万,pwdkzl
/playlist?id=997830646,【欧美】民谣深处的时光小巷,63万,一条失去梦想的咸鱼i
/playlist?id=7348482600,【欧美乡村】民谣深处的另一个时光小巷,21032,星空悟羽
/playlist?id=692254353,国外超级swag的说唱音乐 trap boombap,240万,拒分
/playlist?id=532401498,〖节奏控〗欧美女声让人中毒的旋律,433万,一个酷爱听歌的骚年
/playlist?id=7456078560,戴上耳机|一个人听|全世界都是你的,31925,你的媛宝宝鸭
/playlist?id=2634243359,=》晚安曲《= ?月亮今晚盖上了软fufu的棉被,950万,鹿北浠
/playlist?id=7598472387,「励志向」如果你有梦想的话，就要去捍卫它,196,夏日与晚安君
/playlist?id=630304838,厝嵊钪娴暮诵,307万,i9xx
/playlist?id=2476188541,CHILL ROOM,58万,Alvin-_-
/playlist?id=5352120320,R&B | 撩动旋律，引入深邃眼眸,185万,生活委员
/playlist?id=2870197061,欧美 | 精选良曲 前奏/开口就会让你沉醉,35万,剑仙xg
/playlist?id=2239534739,每天提升正能量 心中充满小太阳,224万,树洞狸奴
/playlist?id=932071711,画画时听的歌 艺术 设计 (专注的做一件事),278万,无所谓的灵魂
/playlist?id=2796590883,复古微醺的迷人气息 酽,19万,Melanieis
/playlist?id=520172117,?适合学习英语的歌曲,891万,--苏麻离青--
/playlist?id=7567135865,小酒馆有歌也有你的故事,1221,chelife
/playlist?id=2729114851,欧美经典丨乡村音乐、,92545,pwdkzl
/playlist?id=5080932663,〔超燃英文歌曲丨爆炸踩点系列〕,503万,Bilaliden-
/playlist?id=5803616,Adele（阿黛尔） 灵魂歌手,215万,随风入梦
/playlist?id=2836076568,『晚安夜曲』万籁俱寂，与世界共眠,314万,十三逆旅Cobain
/playlist?id=134606748,【毒】开口沉醉，迷失于这女声,1584万,瘦茶
/playlist?id=2324605704,【化妆】拽姐的专属BGM,2075万,单杀修女_
/playlist?id=3081785422,床上的那些氛围感?,386万,JeanaChong
/playlist?id=2236335577,英美老派情调┃一个人也可以幸福的安静听歌,141万,阡陌隐兮
/playlist?id=2017842999,呢喃细语 ・ 触电般的酥麻感侵入全身,881万,qhuiya
/playlist?id=6644781537,自信元气站 | 新一天的正能量补给,86万,弄潮儿电台
/playlist?id=2794956036,放松:) 美好的一天现在开始,298万,Aidly艾迪黎
/playlist?id=888065791,【英音】节奏控好听又带感的英文歌,70万,LoStno
/playlist?id=2623057239,【节奏控】｜健身歌单,211万,STAGE-G
/playlist?id=2579399082,【电子女声】惊艳女声和电音的邂逅②,743万,原点FM
/playlist?id=3163139856,悠悠时光｜语调轻柔的诉说一场浪漫,176万,Bzstrive
/playlist?id=7626519528,蜜电宇航员?温柔节奏，清新浪漫,110,Martin网易云Carlos
/playlist?id=2954657473,下辈子做一只咖啡馆的猫，听着音乐扭着懒腰,101万,olly的牙缝
/playlist?id=571917644,「法式嗓音」美如画的意境,160万,八月夏末_
/playlist?id=7508668431,轻躁电子节拍器｜聆听瑰丽畅想,800,Martin网易云Carlos
/playlist?id=891370354,热血燃向｜提神醒脑防瞌睡型BGM,4828万,是走一步
/playlist?id=17044038,100首经典英文歌曲排行榜*上篇,2827万,pure日月
/playlist?id=7486016882,Future Bass｜灵动佳音，云游幻境,14万,Martin网易云Carlos
/playlist?id=2746193185,"卧室温柔/性感/慵懒向/u are my desire.",270万,脏鱼L
/playlist?id=2802306619,「欧美电子」带感节奏你无法拒绝的好听电音,1154万,Amber丶Queen
/playlist?id=5017409561,沙发音乐｜慵懒惬意的小资格调,491万,Rhaast
/playlist?id=2449584784,好听到爆的欧美歌,84万,安风诺良奈
/playlist?id=6940116169,橘色心情｜驾车飞驰在黄昏下的日落大道,288万,Evelauren
/playlist?id=5209517392,R&B | 挽留于心的撩人节奏,181万,生活委员
/playlist?id=7613945198,休假浪漫游 | 沿途风景皆无你耀眼,136,Dream_d7
/playlist?id=6731529463,节奏控｜让人欲罢不能极致电音,46万,这条平凡的狗_QwQ
/playlist?id=2196397364,沉迷Luh Kel?（旋律天才）,827万,那是我仅有的温柔和爱你的原因
/playlist?id=378139503,『Neo Soul』了解一下新感觉灵魂乐吧,87万,VEEZiE_WYGD
/playlist?id=7481317706,R&B|面对世界，寻觅你身影的锚点,21889,生活委员
/playlist?id=60662715,越练越High?20首（肆）女声专场,171万,丁炜
/playlist?id=452527805,清新节奏控//愉悦就在弹指间,35万,赋魅
/playlist?id=615350798,hiphop『进口好货』,336万,xy耀
/playlist?id=7497796598,欧美温柔对唱 | 见过花开的人懂得风的温柔,4223,月亮藏不住的小情绪
/playlist?id=6835124022,节奏Rap｜运动一夏 健身必备,34万,这条平凡的狗_QwQ
/playlist?id=2899552256,晚安曲・ 可以邀您到梦里数星星看月亮吗,479万,shakemyhead
/playlist?id=2163570373,??一听就上瘾的英语歌曲????,439万,雪宝krit
/playlist?id=458817741,・6ix Star吹爆好听英文歌,171万,人美声甜36X
/playlist?id=5005878631,〔吉他与猫〕当夕阳的余晖落在琴弦上,495万,空山鹤行
/playlist?id=440561933,当女声邂逅电音：百首精选,6498万,xept
/playlist?id=6721725342,诗风民谣|逃离喧嚣闹市，漫步人间,79933,Unexplainable
/playlist?id=7455289672,欧美&前奏跪 | 那些好听到爆了的欧美良曲,52040,月亮藏不住的小情绪
/playlist?id=6855863619,Bedroom Pop森室恋歌/都市人的忘忧乐园,10万,零度光影W
/playlist?id=47400879,灵 魂 之 声 | R&B S O U L,107万,川水也
/playlist?id=2937630080,超好听的欧美歌单,232万,Liiiazy
/playlist?id=377552261,【节奏控】超燃带感英文歌,586万,皮噗新皮噗
/playlist?id=973365648,|北欧女声| 不食烟火，澄澈之音,342万,-TRTan-
/playlist?id=88337987,艾米纳姆：成为王？明明可以做上帝,256万,亏普
/playlist?id=776178471,“慵懒时光 与我的猫想你”,306万,Xthousis6
/playlist?id=2125737991,黑胶酒馆|耳畔的浪漫眼中的你,860万,卧室坐家
/playlist?id=2141010431,独处伴侣｜飘到地球尽头,78万,赋魅
/playlist?id=2505272184,【电子女声】怦然心动的惊艳女声?,187万,原点FM
/playlist?id=7475380605,温柔疗愈丨随黄昏微醺的梦境之音,14万,丨IIIIIIIIII丨
/playlist?id=7486321435,减压循环！电子入耳，听一奏轻风,96069,Martin网易云Carlos
/playlist?id=7026289543,日落兜风丨 穿梭在光影之间的跃动音符,15万,丨IIIIIIIIII丨
/playlist?id=7490762241,跑步电子：挥洒汗水的唤醒律动,66056,Martin网易云Carlos
/playlist?id=3012142454,晚安曲 愿一切美好的事物伴你左右,381万,樱桃味音乐
/playlist?id=904190631,天籁｜停留在此，莫问情深,37万,冰岛小暖
/playlist?id=7455379429,Acoustic丨温暖纯净 浪漫到入骨的温柔,12178,丨IIIIIIIIII丨
/playlist?id=2840343300,爵士柔情，你我氤氲漫舞,26万,冷空气yu琉璃
/playlist?id=6607186274,Vintage?|?复古漩涡?让灵魂保持分解,54万,尘埃之海
/playlist?id=7359306721,小众冷门欧美 | 沉醉不知归路,43万,迷藏lp
/playlist?id=6798491388,欧洲流行｜聆听欧洲前沿的时尚节奏,173万,Zaraaccess
/playlist?id=646642504,欧美丨戳爷的最全歌曲没有之一,1970万,机智的兔子刘
/playlist?id=7516406029,弹跳力测试｜唤醒自律燃脂能量,2287,Martin网易云Carlos
/playlist?id=405337496,「无径之林」春末里的废墟,160万,独行的棕鹿
/playlist?id=2417401611,行走的CD | 莫若此刻最缠绵,64万,KillBunny
/playlist?id=7488915413,2022 XXL Freshman 精选集|听这些了解他们,7743,SKT_FlockaFlame
/playlist?id=110362235,绝对经典浪漫的爵士音乐合集,992万,BOB_G
/playlist?id=768047050,【节奏控】一听就上瘾的惊艳女声,2298万,还你一个夏天
/playlist?id=7475597755,舒压氧舱丨轻盈如诗的呢喃小曲,9184,丨IIIIIIIIII丨
/playlist?id=2325024301,【游戏必备BGM】旋律系电音伴你自由畅玩！,812万,谐星七十六号
/playlist?id=750259340,|大叔嗓| 把灵魂里的深情唱给你听,330万,-TRTan-
/playlist?id=5474594286,心动模式?今日份的美好旋律与明朗节奏,79万,樱桃味音乐
/playlist?id=111007328,J???｜好听的爵士人声精选,284万,Nokop
/playlist?id=2256615030,「高质量英文歌」让你单曲循环的英文歌,1587万,咕咕呜呜鱼
/playlist?id=5200944839,欧美流行歌曲｜好听到单曲循环,717万,G寄予
/playlist?id=2124685170,“说真的 梦里在一起吧”,289万,Xthousis6
/playlist?id=2538119796,Trap Rap|陷阱说唱的低音冲击,304万,卧室坐家
/playlist?id=2022955169,Deep House｜迷之性感中的深邃律动,271万,一个酷爱听歌的骚年
/playlist?id=4930606612,万有或虚无｜浪漫主义式的追寻,503万,为实现中华民族伟大复兴而听歌
/playlist?id=6776379524,欧美向｜生活总是充满美好的,315万,小黄啾眯
/playlist?id=378213166,『舒缓向 | 欧美』迷幻空灵，温暖人心,1508万,柠檬味海风Sound
/playlist?id=2091355034,欧美轻快小调∥小清新,453万,挪威的童话
/playlist?id=78969074,月光下的爵士小调?,55万,-TheWeirdCat-
/playlist?id=7533380097,梦泡氤氲｜沦陷在甜腻的慵懒氛围里,17852,Bzstrive
/playlist?id=5009838134,黑胶欧美热歌榜｜宝藏歌曲一网打尽,184万,云音乐VIP
/playlist?id=7465113673,燃脂电子：激发肾上腺素的兴奋旋律,75720,Martin网易云Carlos
/playlist?id=2044283434,宝藏女嗓‖未见其人，先爱其声,699万,壹阐
/playlist?id=7463346007,女电清新剂｜欢快电子遇上致瘾嗓音,11万,Martin网易云Carlos
/playlist?id=2821845830,浪漫欧美 | 藏着喜欢，被你眼中的星河照亮,147万,后原
/playlist?id=328984968,【节奏控】那些超带感的音乐Ⅱ・ 燃点,306万,原点FM
/playlist?id=7520261527,【R&B】前奏控丨甜欲天花板,4412,热心音乐人橘子
/playlist?id=6766291438,空灵女嗓：浮光掠影臻享晨曦之最,26126,Sakura~
/playlist?id=7537345415,[Doo-wop] 欧美流行组合的先声,355,我就这味儿
/playlist?id=5003037677,自嗨必备||200首优质HipHop歌曲精选,70万,JealousBoy
/playlist?id=6786179685,氛围特调｜迷雾缭绕中带着欲望的呼吸,235万,Evelauren
/playlist?id=2305854356,一级警报：小哥哥你甜度值爆表了啦,313万,KillBunny
/playlist?id=7396032002,车载电子 | 旋律至上，轻松加速！,16万,Martin网易云Carlos
/playlist?id=2477453105,节奏控精选| 开嗓就成了经典的歌曲,172万,夕日向暖
/playlist?id=7452970820,『仙气女电』清新灵动，性感制躁,94750,Martin网易云Carlos
/playlist?id=5316109682,Evergreen?|?复古浪潮?温情时光,123万,尘埃之海
/playlist?id=758939609,|北欧女声| 不食烟火，空灵之音,284万,-TRTan-
/playlist?id=2856131956,英文歌|干净舒适温柔治愈系,904万,-倦猫_
/playlist?id=398767929,新迷幻/Dreampop｜灵魂泳池,44万,南北包子君
/playlist?id=5315891779,清凉初透・海盐味的小众喜好,36万,七厘视线
/playlist?id=94064401,纵享丝滑，慵懒性感的咖啡味女声,470万,朴露修夏
/playlist?id=2476865259,【快乐加载中...】节奏控必备英文歌单,576万,柒柒柒如是
/playlist?id=306397077,【节奏控】那些超带感的音乐,29100万,原点FM
/playlist?id=500262668,【开口就醉倒】电子极致人声,1386万,ModernTony
/playlist?id=29093466,唱诗的歌手--Leonard Cohen,207万,完美的灵魂
/playlist?id=7452127803,加州旅行丨逃离都市 落日下的浪漫飞驰,79979,丨IIIIIIIIII丨
/playlist?id=2439826061,精选轻柔英文歌 【睡觉专用】,475万,日进斗金___
/playlist?id=2373179577,趁着夜色微醺，月光下共舞可好？,143万,安Vivienne
/playlist?id=404757132,【珍藏】必听的一百五十首音乐剧名曲,1092万,辞雀
/playlist?id=869583062,口哨系｜学会就可以撩妹了Θ?Θ,2060万,一个酷爱听歌的骚年
/playlist?id=373584919,『惊艳女声』那些旋律沦陷的英文佳作,2460万,棕鹿与独角兽
/playlist?id=7553683623,迷幻氛围 | 现实与梦境里的相互碰撞,110,月亮藏不住的小情绪
/playlist?id=5450289765,R&B|温柔的转音，诉一剂良药,129万,生活委员
/playlist?id=3009720097,「慵懒午后」一朵花的欢颜与一剪流光的浪漫,211万,后原
/playlist?id=7463646845,Future Bass｜空灵氛围，希冀梦幻曙光,75728,Martin网易云Carlos
/playlist?id=66568325,「 DEEP/BASS/FUTURE 深夜低音 」,125万,G4LIFE-AK
/playlist?id=2734329573,超级温柔治愈的英文歌曲,157万,静静nice哦
/playlist?id=774175747,保持乐观，热爱音乐，每天起来吃早餐！,1524万,向来歌哥
/playlist?id=2260474995,『高考过后怎么嗨』答案就在这里,909万,云音乐曲库
/playlist?id=2906456704,轻快音乐 一键开启今日份满满活力,396万,樱桃味音乐
/playlist?id=35148937,前奏入耳、后劲十足的攻气女声,140万,mercurius-穷途
/playlist?id=7620680449,柔电恋语??浪漫音弦，甜蜜宜放空,58,Martin网易云Carlos
/playlist?id=7612580133,2022年MTV音乐录影带大奖VMA获奖及表演曲目,1092,Keung13
/playlist?id=7390521666,游戏电子 | 辅助也可以逆风翻盘呀！,21万,Martin网易云Carlos
/playlist?id=7500385914,『欧美风』99%的用户都在听/随机播放最佳！,3073,玫瑰花落相思尽
/playlist?id=6714683379,R&B|浩瀚宇宙中，定位迷离韵律,75万,生活委员
/playlist?id=5393192213,欧美丨旋律控的极致享受！,360万,a丶安逸
/playlist?id=768352357,深情密码 | 醉入沧桑男嗓的岁月与沉浮,162万,KillBunny
/playlist?id=2639732468,消遣放空丨英文小调放松你的soul,105万,七厘视线
/playlist?id=3018442238,旋律说唱英文2022Melodic Rap每周更新,28万,D26只做第一
/playlist?id=3042446515,极致幻境｜坠入浪漫宇宙的低沉旋律,97万,Bzstrive
/playlist?id=7604205924,乡村 & 欧美篇 | 山上村居映彩霞,33,白岑-Knight
/playlist?id=2464078995,??精致的猪猪女孩化妆歌单,714万,JeanaChong
/playlist?id=3088426772,欧美小调°?|?冬日舒适心情指南,560万,Feillica
/playlist?id=7504288985,欧美放松区：清闲的乐海一日游,691,野原狭志
/playlist?id=2087193208,永远的霉霉（vip专享）,208万,SJ_小石子
/playlist?id=5141058596,欧美烟嗓｜灵魂唱腔，心醉微醺节奏,313万,BAEK-J
/playlist?id=7480663240,节奏控：唤醒活力的梦幻女嗓,35950,Martin网易云Carlos
/playlist?id=2514205311,刺激神经 ・ 欧美性感女声与鼓点的碰撞,436万,shakemyhead
/playlist?id=6595240183,「空灵飘渺」冰天雪地中的绝美吟唱,21万,空山鹤行
/playlist?id=118321798,【欧美翻唱】叫醒耳朵系列,2524万,零下Young
/playlist?id=2005170767,【节奏控】一听就上瘾的惊艳女声②,905万,还你一个夏天
/playlist?id=2760389790,『R&B』迷幻的声线，灵魂在角落游离?,215万,生活委员
/playlist?id=2984782686,欧美精选|迷幻慵懒 飘渺轻灵,503万,Acetylspiramycin
/playlist?id=5223722712,果味音乐集 | 带给你一整天的轻快旋律,322万,樱桃味音乐
/playlist?id=7443746229,渐进音律｜能量幻粉中的躁动不羁,85758,Martin网易云Carlos
/playlist?id=4962813565,浪漫薄暮 | 勃艮第红色天空下的温柔絮语,43万,后现代养猪专业户
/playlist?id=7519867126,舒缓英文：温柔如干净的云朵和你,83,野原狭志
/playlist?id=2651023300,英文歌循环・质感轻柔且温暖迷醉,500万,Anjunadeep
/playlist?id=5002717279,「贩售甜蜜梦境」温柔旋律伴君安眠,19860,空山鹤行
/playlist?id=6853860682,Justin Bieber | 欧美乐坛里坚实的潮流认证,23万,云音乐VIP
/playlist?id=5383783763,冷门电音丨当同频灵魂遇上惊喜宝藏,76232,-Pherusaaaa
/playlist?id=6635329054,保持好的心态｜每一天都是幸运的,86万,Listento丶music
/playlist?id=2203162613,Jazz hiphop雅痞专属社交名片,217万,卧室坐家
/playlist?id=7534988863,Traditional Progressive House｜传统渐进,58,ChacMusic
/playlist?id=5363172472,很温柔吧 | 一秒沦陷的小众沉溺嗓音,331万,布洛芬解药
/playlist?id=420944487,舒服的踩点节奏&高速公路,525万,小库v
/playlist?id=7403728836,Future Bass | 柔美人声，炫彩律动,66176,Martin网易云Carlos
/playlist?id=2880017077,碧梨/比伯/猴西/霉霉/水果/A妹/戳爷/Lauv/,138万,和我看日出N
/playlist?id=7013835226,秋日咖啡店 | 充满阳光的下午茶,89366,樱桃味音乐
/playlist?id=156720466,欢快旋律清新女声萦绕快乐气氛,1073万,变忧郁
/playlist?id=4903203480,神仙音乐☆一秒心动的宝藏男声,87万,樱桃味音乐
/playlist?id=649048229,绵绵不绝的温柔，循环不止的女声?a,2554万,网抑晕音约R
/playlist?id=6912934424,BOOM | Black night,24万,LBOOM_
/playlist?id=146852233,【绝美人声+完美电音】，触电节奏一秒倾心~,1636万,莫小懒_
/playlist?id=3129171154,E xplicit 脏版,361万,kesh-i
/playlist?id=7313556234,欧式惬意与你穿越四季?慵懒旋律,15万,山海共存_
/playlist?id=4928319592,Deep House｜迷人旋律，深邃鼓点,271万,烈雨
/playlist?id=5459118759,复古浪漫|那些用爵士乐演绎的浪漫情诗,79万,穹空悠人心
/playlist?id=2255720648,〖私藏〗节奏盛宴，总有一首你的单曲循环,1055万,名侦探-柯北
/playlist?id=4920405293,安静|那些自带高级感的英文歌,1069万,知鱼__Carrie
/playlist?id=2860495870,助眠向 | 喃喃细语伴你入梦?,118万,少年的半岛铁盒
/playlist?id=7538452313,轻灵电蕴?逍遥特调与节奏浪潮,146,Martin网易云Carlos
/playlist?id=310719068,|刷题| 写作业专用特效药,1067万,-TRTan-
/playlist?id=323001404,「欧美」撩拨前奏控 独特得欲罢不能,1769万,冬瑾-
/playlist?id=7393352613,跑步燃曲 | 肆意摇摆，燃脂更痛快,71696,Martin网易云Carlos
/playlist?id=2466320666,【拯救歌荒】100首欧美新锐歌曲,709万,pure日月
/playlist?id=7445222674,电音女嗓控｜绚丽声线，梦幻电境,99285,Martin网易云Carlos
/playlist?id=650260677,慵懒、烟酒和感人②,29万,QR自z
/playlist?id=2970305659,微醺酒馆儿｜适合陷在沙发慢慢听的歌单,40万,小弟好奇羊
/playlist?id=7518660900,【万圣狂欢】HIP HOP西海岸经典黑人说唱,809,MoodSight
/playlist?id=7621001200,氛围节奏R&B｜午夜卧室律动 龙舌兰香味,82,戴知山
/playlist?id=2121896149,我的健身时间 Fitness Time,51万,健体于凯ykkk
/playlist?id=7464574148,假日仙气储藏室：摆烂也是种艺术,91823,野原狭志
/playlist?id=53950976,适合读书时听的欧美小调,7293万,爱喝水blbl
/playlist?id=7469844215,电子流行系：活力风潮，即享快乐时刻,26328,Martin网易云Carlos
/playlist?id=5259216619,【2022 Indie 全球鉴赏】新歌推荐●日更,13万,伦敦酒吐座
/playlist?id=310970433,【旋律控】超级好听的欧美良曲,47853万,奶油冰激凌草莓沙拉
/playlist?id=2101476924,NEFFEX 超燃神曲,126万,在下林凡
/playlist?id=2309814959,Rap R&B丝滑优美旋律,190万,GK9999
/playlist?id=442341746,?PB R&B?新派R&B?另类R&B?,34304,VEEZiE_WYGD
/playlist?id=2956701226,?Jazz Piano?经典爵士钢琴百首精选,55178,Gondor-Modor
/playlist?id=7484954190,电子女嗓夜：渴望在静湮中疯狂,27937,Martin网易云Carlos
/playlist?id=7553433727,穿越时空｜浪漫年华和喜欢的人一起,143,月亮藏不住的小情绪
/playlist?id=2106523616,new / 欧美/ 浪漫 / 治愈 2.0,298万,New1an
/playlist?id=3066230257,欧美治愈集丨恬淡悠远 清凉一夏,151万,七厘视线
/playlist?id=2812485332,晚安 引起极度舒适的美好梦境,539万,西柚甜
/playlist?id=7538763822,响指的欢快节奏 随着旋律舞动,544,夏日与晚安君
/playlist?id=7036572151,欧美说唱 | 戴上耳机感受flow的轰炸,235万,腻鹿S
/playlist?id=7531997470,极品车载电子?驰骋在斑斓梦幻,1418,Martin网易云Carlos
/playlist?id=5434513615,2020年度最热欧美新歌TOP50,1062万,网易云音乐
/playlist?id=2374986047,『惊艳男声』那些旋律沦陷的英文佳作,1319万,棕鹿与独角兽
/playlist?id=4915336524,动感节拍 | 摇头晃脑快乐加倍,443万,薄荷猫晒太阳
/playlist?id=7590594131,温柔迷幻｜置身仙境的甜味Future Bass,64,Martin网易云Carlos
/playlist?id=65127255,听了心情会好的歌 DaDaDa??,2283万,shakemyhead
/playlist?id=6723317623,“一旦喜欢小众 你就注定孤独”,115万,后原
/playlist?id=7394906170,微醺唱片|遇到快餐时代里小火慢炖的粥了吗,35万,流萤与诗
/playlist?id=7489630754,清新女电｜夏日降噪的倾心海盐,157,Martin网易云Carlos
/playlist?id=2842861987,耳朵存在的理由，200首必听欧美歌曲,764万,pure日月
/playlist?id=2392949338,开车听的美国乡村音乐（A）,77万,马克安德森
/playlist?id=7505010417,【游戏战歌】排位连胜专用BGM,212,古瑞斯Graps
/playlist?id=451222004,学霸计划|反正都要听歌，不如顺便记词汇,1309万,Nemuree
/playlist?id=2903182988,〖提神醒脑，抗疲劳〗燃说唱\持续更新,387万,赛赛尔啊
/playlist?id=2674271194,小众且惊艳 ? 私人英文宝藏单曲,298万,OmenTwwnmfm
/playlist?id=7479042610,炎夏健身房｜暴汗燃脂，乐享健康,25820,Martin网易云Carlos
/playlist?id=65965637,牙买加：阳光沙滩朗姆酒，蓝山咖啡雷鬼乐,52万,YouTube热门日推
/playlist?id=4892178801,欧美R&B ・节奏布鲁斯的轻奢尾调,159万,环球音乐国际部
/playlist?id=7442133980,欧美流行风，沦陷其中无法自拔,20402,Martin网易云Carlos
/playlist?id=6642288367,且听风吟丨陷落蔷薇海洋的温柔梦境,42万,丨IIIIIIIIII丨
/playlist?id=2986748152,月亮今天不营业啦，所以我来对你说晚安,279万,BAEK-J
/playlist?id=7518157505,很抱歉，您订阅的「未来」已被取消,6298,具象波
/playlist?id=1984845175,『Taylor・Swift』美国甜心的音乐世界！全集,27529,Chloris-Cc
/playlist?id=2664297240,『乡村音乐』舒适惬意，田野休闲好时光,35万,一生向海
/playlist?id=6837106742,卧室音乐|难得周末 把生活调成自己喜欢频道,143万,AkashiAshes
/playlist?id=309410027, 跑步歌单｜不用找了都在这里,570万,上a失眠
/playlist?id=7455388226,卧室音乐丨一个人时的闲暇氛围感,34199,Bzstrive
/playlist?id=6584464595,欧美舒缓压力｜别让生活的压力挤走你的快乐,54732,Listento丶music
/playlist?id=7472621676,极致旋律 | 耳朵喜欢到不敢单曲循环,9301,月亮藏不住的小情绪
/playlist?id=7459022520,电音女嗓｜赴一场灵动抓耳的约会,36933,Martin网易云Carlos
/playlist?id=2857254730,清新小调 今日份好心情鸭,146万,樱桃味音乐
/playlist?id=2829137850,Vol . 51 「不 全 是 旋 律 说 唱」,625万,FlyingClub
/playlist?id=311067453,有氧跑步|马拉松|180maf节奏心率跑,322万,拳小摆
/playlist?id=498581255,R&B节奏布鲁斯||SOUL,127万,LEEHIP-CN
/playlist?id=2550277551,小众英文歌歌单（！却意外的好听）,3304万,咕咕Kvalley
/playlist?id=7477573787,女电私藏・灵性律动，即享中毒时刻,18092,Martin网易云Carlos
/playlist?id=6984793894,独立民谣｜拂去喧嚣，追逐内心的宁静,71730,七厘视线
/playlist?id=4882049068,心不被人事物羁绊 生活会特别轻盈自在,47万,樱桃味音乐
/playlist?id=5347651276,「雨之摇滚・倾听爱与自由乐章」,33万,十三逆旅Cobain
/playlist?id=3099335800,熬夜写作业必备醒脑歌单（英文）,1604万,喜爱吃糖的小小高
/playlist?id=7475200658,夏日风情：清凉解暑，畅游电子海洋,38932,Martin网易云Carlos
/playlist?id=5466577620,温柔合集/每一首都单曲循环了好多好多遍,182万,姚一瑶_
/playlist?id=113925019,【梦工厂】长篇动画音乐合集,35148,莎士比亚书店
/playlist?id=5087141437,“落俗不可避免，浪漫至死不渝”,71万,后原
/playlist?id=3204254816,碧梨|霉霉|A妹|戳爷|断眉|Sia|比伯全集,47万,海朝花开
/playlist?id=7536786313,清凉因子丨氤氲弥漫的旖旎幻境,284,丨IIIIIIIIII丨
/playlist?id=130005178,欧美流行｜洗澡.跑步.运动.旅途,108万,CRAJZY_
/playlist?id=6753617354,2021年全英音乐奖获奖及表演曲目,24万,Keung13
/playlist?id=11412560,【越老越经典?经的起岁月的歌曲】,30万,Anita58
/playlist?id=6684024967,橘味汽水°旋律中弥漫着柑橘清香,93万,樱桃味音乐
/playlist?id=5817888,Westlife (西城男孩）经典单曲,455万,随风入梦
/playlist?id=7391692514,毒性女电 | 极致旋律，一秒沉浸,48970,Martin网易云Carlos
/playlist?id=2962407224,『英伦女声』遗世而独立的不列颠玫瑰,261万,十三逆旅Cobain
/playlist?id=7453768516,冲刺期末！清新舒适，高效率复习专享,25370,Martin网易云Carlos
/playlist?id=504855461,欧美?舒缓?助眠『许你一晚安眠』,148万,-Lilian
/playlist?id=54649565,Good Night 晚安欧美安眠曲,481万,JonNothing
/playlist?id=6907243774,好听到爆的温柔英文歌曲,33472,wzh1one
/playlist?id=2115404761,一秒上瘾的小众英文歌,170万,TOUGHCORN
/playlist?id=4872825924,洗澡.收拾房间.打扫卫生.化妆.护肤,192万,lalinmoon--w
/playlist?id=902685899,我走路带风，可以这么形容,973万,橙红色的大马哈鱼
/playlist?id=4947207297,『冷门欧美』90%的人没听过的小众佳曲,243万,BAEK-J
/playlist?id=4911179787,小众导航仪｜黄昏之时的暧昧情绪,20万,寻觅维恩斯
/playlist?id=3115699150,【杯酒人生】蓝调布鲁斯爵士的性感浪漫情调,30万,-未了末了-
/playlist?id=4872550623,HIPHOP酒吧必放曲目（持续更新）,160万,funkyfanta
/playlist?id=7567091418,夏日消暑｜薄荷绿的夏天与清凉音符,89618,cLu
/playlist?id=2722953071,一个让人心情变好的歌单,226万,爱吃柚子sa
/playlist?id=7431728370,顺滑基操 | 5杀御用节奏控电音,54956,Martin网易云Carlos
/playlist?id=6751211497,Charlie Puth｜节奏带感，声音迷人,30万,云音乐VIP
/playlist?id=4988927144,chillin’,70万,Jennxu
/playlist?id=2033946678,『R&B 精选』节奏音律中，总有适合的调调?,220万,生活委员
/playlist?id=2849937207,欧美仙嗓 | 如梦似幻，迷人可爱,492万,后原
/playlist?id=7516821932,梦中呓语｜雾霭朦胧与克莱因蓝的清晨,49411,Bzstrive
/playlist?id=610638719,Future Bass ? 怦然心动的沁心旋律,1380万,烈雨
/playlist?id=6609008489,加班补给站｜来点音乐能量饮料叭,29万,此ID已欠费
/playlist?id=6713812649,致情英伦男嗓 | 沉浸于北爱尔兰的深沉吟唱,62万,Kesha_EDM
/playlist?id=5158867475,Romantic dusk | 与你私奔于浪漫黄昏,212万,空山鹤行
/playlist?id=602046634,【HipHop是生活】欧美说唱精选,80万,Onyx丶
/playlist?id=373270611,1000首好听英文歌,99万,做个爱笑的大男孩
/playlist?id=17164013,100首经典英文歌曲排行榜*下篇,186万,pure日月
/playlist?id=53558869,当春风吹进民谣里【欧美篇】,159万,Sunshine-Miss-lin
/playlist?id=5042045636,清新小调 | 风中有春天的味道了,167万,-TRTan-
/playlist?id=6637144879,《浪漫氛围花系制造屋》,280万,BAEK-J
/playlist?id=6604605964,欧美治愈心情｜爱自己是终身浪漫的事情,47912,Listento丶music
/playlist?id=3002206491,想和你一起去旅行 带着好听哒音乐,284万,樱桃味音乐
/playlist?id=5026620268,慢节奏 ・ 给自己的生活按一下暂停键吧,112万,shakemyhead
/playlist?id=5084008114,治愈向|小众英文歌〖开口跪旋律绝美〗,77万,_-OxO-
/playlist?id=2342277912,蓝莓味气泡水°,342万,-TRTan-
/playlist?id=2089725230,「娇艳玫瑰」令人血脉偾张的冷艳女声,69万,Flipside_KK
/playlist?id=6934333490,欧美流行｜欢快小调?不开心都通通给我消失,169万,世界树修剪师
/playlist?id=173781294,「女毒电子」跌进充满梦幻般的意境,1413万,变忧郁
/playlist?id=325993939,?? HIPHOP | Hey Is Life $$$,485万,-GIRLHOODH-
/playlist?id=615014715,节奏感超强の跑步歌曲库,115万,--苏麻离青--
/playlist?id=2708862630,『学霸模式』让音乐来陪伴一天的学习,714万,樱桃味音乐
/playlist?id=7527756854,[玩游戏听说唱] 说唱律动是你最佳游戏伴侣,2615,汉汉不吃芹菜
/playlist?id=2450558426,Emo/Cloud Rap丨不完全情绪混合物,328万,电烧
/playlist?id=2717286387, ? 午夜心碎俱乐部4.0人声采样,22万,侍鹄系
/playlist?id=3204160461,生活是自己的 尽情享受 尽情可爱,146万,宇宙播报机
/playlist?id=7518655986,【万圣狂欢】百大DJ QUICKSILVER个人收录,3656,MoodSight
/playlist?id=123243715,[声线] 空 灵 女 声,2480万,BeTheOG
/playlist?id=7604860952,激爽电子??驱雷擎电，助你超长发挥,439,Martin网易云Carlos
/playlist?id=7438875492,缤纷女电｜氤氲声场，动人心弦,52002,Martin网易云Carlos
/playlist?id=7123949432,后朋丨黎明前的曙光,43250,具象波
/playlist?id=2301227992,欧美精选 | 嗨 伙计 要来首10w+吗？,12047万,KillBunny
/playlist?id=47957113,听经典老歌、忆童年往事。,48万,摇滚兰兰
/playlist?id=4893733399,诗人篇 | 那些藏在音乐里的文学宝藏,208万,后现代养猪专业户
/playlist?id=2057923710,公路音乐|纵情追逐梦想与远方,403万,卧室坐家
/playlist?id=2863447964,Acoustic | 一种全新的风格体验,85万,樱桃味音乐
/playlist?id=7408560598,【欧美&男音】四射活力与夏日并行,20461,NEON_BOW
/playlist?id=2957957756,打雷姐| Lana Del Rey全单合集,24万,沈星辰co
/playlist?id=384206821,『女声电音』星空下的幸存者,208万,Vicverse
/playlist?id=6880655744,温柔至极 ? 失望世界的避难所,74万,OmenTwwnmfm
/playlist?id=7453889889,云上自习室｜静心刷题，不惧高考！,35291,Martin网易云Carlos
/playlist?id=69514417,Pop Music 欧美流行歌曲【TOP】,37183,DJuncle-鸟叔
/playlist?id=3233910969,美国魔力红乐队,10万,山东-老刘
/playlist?id=2796853737,『欧美女声精选』百种嗓音?百种特色,93万,LovelyWICK
/playlist?id=939581816,每一首都能单曲循环的欧美经典流行歌曲,424万,Ricardo_YLY
/playlist?id=2756801164,运动健身音乐 (动感跑步）燃脂持续爆发,384万,贝贝Beiben
/playlist?id=2513570815,佛罗里达最硬的黑人,290万,POSITIVEENERGYXXX
/playlist?id=4915292456,十秒沦陷手册 揽下全天的单曲循环,284万,薄荷猫晒太阳
/playlist?id=2081373010,【旋律系】女声与电音的迷幻律动,22万,谐星七十六号
/playlist?id=2978208641,『R&B』梦境漂浮不定，节奏如影随形,92万,生活委员
/playlist?id=7576921828,超震撼欧美曲风 极品车载音乐,905,角港
/playlist?id=2989694632,〖复古〗韶华倾负，往事浓淡,435万,i看美剧
/playlist?id=636185927,你刚好成熟 我刚好温柔,472万,EricCheng-
/playlist?id=5179273517,Romance｜人间皆黄昏,114万,陈轺
/playlist?id=7474192039,打野专用｜利刃出鞘，终将逆风翻盘,21595,Martin网易云Carlos
/playlist?id=2694426667,美式说唱/板仔skateboard/刷街系列,26572,Telwq
/playlist?id=2245123862,你是我漫长黑夜里的迷恋与遗忘,305万,抑郁爱人
/playlist?id=107970347,R&B | 很喜欢的一些节奏蓝调,43万,Nokop
/playlist?id=2729246388,欧美烟嗓丨大叔嗓、,30万,pwdkzl
/playlist?id=7537138603,精选小众|超级温柔的英文歌曲,13447,想见你lalala
/playlist?id=2606652144,Nu Disco | 年轻人的迪斯科，跟着鼓点舞动,317万,BAEK-J
/playlist?id=2471501410,『清新小调』肆意欢笑，做个阳光的灵魂,181万,一生向海
/playlist?id=532342423,20年155首最动听的格莱美金曲,319万,楼下二狗家的橘猫
/playlist?id=2189506809,「甜嗓控」当糖果女声邂逅清新电音,504万,NeilShine_
/playlist?id=2866293458,论如何优雅的打开放松时光,336万,少年的半岛铁盒
/playlist?id=2144037259,经典英语歌曲300首-听歌学英语,126万,野v
/playlist?id=2693651565,欧美轻松小调丨洗澡/自嗨/刷牙/护肤/写作业,442万,babeejoey
/playlist?id=6937497194,最全经典摇滚指南,12万,中卫鲍伊
/playlist?id=2301831970,『英文歌精选』值得你循环播放的歌单,138万,the-trap
/playlist?id=1984008418,复古FUNK节奏踩点,173万,乔治先生的复古酒馆
/playlist?id=709889148,打游戏bgm 丨 什么运营节奏，我只想gank,904万,元量空处
/playlist?id=2520264000,运动 没爱上健身 因为你没听这歌单,345万,艾总Music
/playlist?id=7518979724,流浪行星CFBDSIR2149,114,lOriagxN
/playlist?id=3095295608,比伯 霉霉 黄老板 戳爷 蕾哈娜 魔力红酷玩,206万,探青楼
/playlist?id=818563810,林肯公园主唱离世 | 我努力过 但终究徒劳,2134万,welphenEDM
/playlist?id=371183889,? 请系好安全带,245万,具象波
/playlist?id=7469735491,栀夏清新味道：灵动音律，快乐氛围,6916,Martin网易云Carlos
/playlist?id=2536552183,R&B | 漫漫寒夜庇护所,142万,CoolKidsShelter
/playlist?id=7377252381,周末登山Party | 斑斓电嗓，追寻自在,31507,Martin网易云Carlos
/playlist?id=6584457650,情绪调节剂｜放轻松 就当漫游地球,56万,Listento丶music
/playlist?id=7130287263,慵懒惬意｜清新复古的法式小调,23291,PLATONIC-梦清的理想国
/playlist?id=142902542,单曲循环丨绝对不能错过的欧美歌曲,6419万,Jsny
/playlist?id=5482520359,Acoustic | 柔和纯净，清澈自然,68万,月光唱片
/playlist?id=153799688,【通宵加班】必备醒脑歌曲,107万,完美的灵魂
/playlist?id=40468930,超级好听的英文歌,185万,realhxl
/playlist?id=7463674186,欧美电子女声｜清甜美妙的旋律一秒倾心,5626,Headhunter-z
/playlist?id=2959412217,超火英文歌 | 精准卡点 slay全场,668万,小小小屎壳郎
/playlist?id=2122279649,那些曾经在Billboard上爆红的HipHop―――,1326万,火属
/playlist?id=7453179396,宝藏挖掘机｜怦然心动，小众又怎样,18323,Martin网易云Carlos
/playlist?id=720230976,酥心收割机???甜筒般一撩即化的空幻,37万,-XxxGreyenios-
/playlist?id=2171366031,好旋律西语歌Espa?ol【西班牙语歌曲精选】,64万,Nomeolvides_H
/playlist?id=5287139379,治愈 °一份来自四季的温暖旋律,172万,樱桃味音乐
/playlist?id=3018739880,晚安曲‖开普勒的浪漫 只有银河知道,279万,ClairoToday
/playlist?id=2689561062,你是星星藏匿在黑夜里的温柔,142万,后原
/playlist?id=7589737454,Alan Walker (艾兰・沃克),775,Radio-Music
/playlist?id=2082967510,〖私藏〗越听越有感觉的英文歌,281万,林Bucheon
/playlist?id=6934437172,欧美‖高燃‖踩点‖混剪系列,88万,GHYKD
/playlist?id=873778653,烟嗓范 | 用音记录故事（女声篇）,483万,滴嘀迪
/playlist?id=2020033569,【贾斯汀比伯】百听不厌丨魔性神曲,571万,Sun阳花
/playlist?id=6960249538,Alternative R&B | 慵懒与优雅的碰撞,10794,LoveYouForAges
/playlist?id=492142281,电音凸显硬朗?女声铸刻柔情,593万,Aviella
/playlist?id=2936255937,倾吐隐秘情绪｜百位R&B歌手精选,483万,蜜糖男孩
/playlist?id=2508496324,私藏级「泰勒斯威夫特免费歌曲」,482万,不吐葡萄的葡萄皮
/playlist?id=7473008543,Progressive House｜怦然心动的渐进之音,13409,Martin网易云Carlos
/playlist?id=626186882,「响指系」令人着迷的响指节奏?,2962万,OyangJiaqi
/playlist?id=560017896,欧美|百听不厌的英文歌,135万,然叔的旅行听歌日记
/playlist?id=5215621335,欧美混剪BGM?|?高燃踩点?极度舒适,70万,云音乐VIP
/playlist?id=24344383,[ 运动音乐 ] 脂肪与美貌不可兼得,639万,柠檬酸自知
/playlist?id=430941731,电音 | 减肥的动力,235万,这条平凡的狗_QwQ
/playlist?id=460100720,享受这份清新Tropical House自然之风,24万,欲
/playlist?id=5391313096,辣妹平时都在听什么？,850万,qhuiya
/playlist?id=2128560894,|车载嗨曲 开车靠的是感觉，不是眼睛|,3967万,Radio-Music
/playlist?id=870172144,若拿歌比喻人的所有心情，这刚好合适,878万,眼袋以为是卧蚕
/playlist?id=7389092203,微醺欧美：玫瑰沉溺晚霞色彩的海浪,65万,圆嘟嘟小甜饼
/playlist?id=7379998468,百听不厌的励志EDM丨满满的正能量,28957,七厘视线
/playlist?id=2875178038,空灵女声 | 虚无缥缈 灵魂深处的孤独,136万,后原
/playlist?id=461288992,欧美 | 开口即跪，窒息嗓音,77万,ZaleLes
/playlist?id=7587854096,d『夜店炸音、耳膜噩梦』d,341,小比-Music
/playlist?id=2819526536,夏日浪漫旅行 | 电车沿线 除了夏天禁止入内,473万,鹿北浠
/playlist?id=7442680396,酥软女嗓精选：奏鸣梦幻盛夏,12258,Martin网易云Carlos
/playlist?id=5202336447,心动无前奏丨动感气氛 秒听倾心,50万,七厘视线
/playlist?id=89520378,随节奏悦动哼唱的R&B,56万,生活委员
/playlist?id=7223126828,Melody Rap｜Trap&B｜旋律说唱｜顶级旋律,21万,BlackCarrion
/playlist?id=8695128,Sade （莎黛）温暖灵魂的爵士味,48万,随风入梦
/playlist?id=5259255791,情窦初开年华，能有幸遇上你。,169万,Laurieer
/playlist?id=2091256206,LOUNGE BAR.舒缓放松减压.微醺.迷幻系列,60445,PEachhhh0624
/playlist?id=2818432819,小众冷门佳曲迷醉气息蝶自来 | 欧美篇,416万,EricCheng-
/playlist?id=5312237039,「节奏与鼓点」雾气氤氲 neosoul/soul/r&b,64万,水塘里的河豚
/playlist?id=7556116357,欧美民谣 I 往昔璀璨如钻，却又锈迹斑斑。,6336,Agentleman_M
/playlist?id=738210665,【欧美民谣男声】清晨的舒心小调,122万,马山芋的Parachutes
/playlist?id=2908828253,怦然心动 | 宝藏旋律与心动节奏的完美邂逅,488万,樱桃味音乐
/playlist?id=2253271412,Leave me alone丨谁都有想消失独处的时候吧,406万,下次陪我看月亮
/playlist?id=2711290154,超好听却叫不出名字的史诗级英文歌,245万,人昔口勿
/playlist?id=7597165886,开车歌单|私藏小众歌TOP10循环到死,41528,管阿姨AUNTGUAN
/playlist?id=154985547,【欧美】让你心情舒畅的轻松小调,401万,烈雨
/playlist?id=6593382974,烦恼解忧曲｜真正的快乐来自认真生活的你,130万,Listento丶music
/playlist?id=368734733,『贾斯汀・比伯』百首必听盘点,227万,布兰
/playlist?id=118788911,街角咖啡店播放的慵懒小时光,213万,yin雪燕
/playlist?id=2991059968,「欧美电子」无法拒绝的清丽女声,215万,澜月港
/playlist?id=31386065,【睡前小调】安歇在静谧的世界里,37万,Sunshine-Miss-lin
/playlist?id=2118657705,『欢快节奏』专业治愈各种不开心～,297万,Daisy_筱筱er
/playlist?id=3217603871,绝对熟悉的英文歌单 前奏跪,74万,糯米奶糖糖
/playlist?id=2349606660,『百词斩』英语四级高频单词,55万,醉楫
/playlist?id=5017300183,欧美盛宴｜开车兜风的R&B超带感音乐,149万,一个男同学-Aiden
/playlist?id=3215657654,[温柔系女声] 宝藏 | 冷门 小众英文歌,76484,不喜桂圆Rumice
/playlist?id=4874237835,宝藏电子女声：绝离尘世的空灵之美,223万,mayuko然
/playlist?id=2230663376,宇宙是新鲜薄荷叶的味道,33万,759513I
/playlist?id=5289570267,【Acoustic】坠入断电后的温暖梦境,218万,我精神有点问题
/playlist?id=60378509,欧美系百听不厌的神曲「节奏控精选」,1576万,lightsV
/playlist?id=102883435,〖欧美〗有种爱好叫：列表循环,465万,樱井莜木
/playlist?id=2077372083,女声控 | 愿你被这世界温柔以待,62万,薄荷奶啵啵
/playlist?id=7473546806,欧美轻松：踏着节奏轻吻心动,9196,野原狭志
/playlist?id=117789619,[BPM175-180]跟着节奏来跑步！缓节奏,20万,奔跑的雨酱
/playlist?id=12981779,复 古 浪 潮 时 间,96万,川水也
/playlist?id=6897410885,Funk舞厅 ・ 摇摆于复古派对,56万,寻觅维恩斯
/playlist?id=2846637634,『TRAP』旋律播放了一下就上头了/精选,45万,只亲嘴不恋爱可以吗
/playlist?id=310106794,【英文歌】让人陶醉的美妙旋律,670万,原点FM
/playlist?id=941470550,『欧美电子』把一切都抛到九霄云外,71万,Jemma_Shaw
/playlist?id=369763682,【Deephouse】DJ 玄冥二老，抖起！,653万,V1rgo丶
/playlist?id=7443817576,有氧跑步Buff：动感燃脂，永不止步,14975,Martin网易云Carlos
/playlist?id=3026238005,慵懒爵士乐：享受懒床瘫家好时光,236万,鱼饼好吃耶
/playlist?id=473751218,想要生活有乐趣，头上必须带点绿,1268万,rukig
/playlist?id=3165659814,晚安曲・月亮躲在云里 我想躲在你怀里,263万,可你怎么总是忘记我很爱你
/playlist?id=2660335535,复古假日瘫丨慵懒且优雅,229万,摇L乌托邦
/playlist?id=569499475,情歌小王子Charlie Puth,406万,原点FM
/playlist?id=5394515165,浪潮美学Synthwave| 梦幻霓虹，温情时光,79万,夕日向暖
/playlist?id=168375719,Urban | Swag Dance 适合跳舞节奏HipHop,60万,VEEZiE_WYGD
/playlist?id=2831688182,YouTube史上最受欢迎的100首电音作品,572万,soAoAyEDM
/playlist?id=803089253,自始自K 自生自,124万,Bzstrive
/playlist?id=7452834423,安静|耳机党的专属福利,14917,Feng丶-Ge
/playlist?id=7517883787,『 梦的隐喻 』一场自我告白,10万,半-蓝
/playlist?id=3075140086,舒缓惬意｜尽享下午慵懒时光,66万,Rhaast
/playlist?id=2737519391,日子不急不躁 漫长却也曼妙,138万,空气很颓废
/playlist?id=44569093,午间，咖啡店，好久不见。,94809,完美的灵魂
/playlist?id=2300271910,七月特饮 | 为你调兑一杯甜甜的Pink Soda,209万,我像只鱼儿在喝你的汤
/playlist?id=4879788529,【贾斯汀.比伯】百听不厌 神曲,183万,Y-erpan
/playlist?id=2523761864,希望你的可爱，可以治愈一切烦恼,1710万,mayuko然
/playlist?id=617942586,Swing摇摆舞会歌曲指南,71万,江河故人
/playlist?id=4901099218,欧美HipHop当下流行RAP(建议随机播放）,58万,阿天不钓鱼
/playlist?id=2204315329,超级好听的抒情英文歌。,203万,加菲猫的小咖啡
/playlist?id=5072140498,小众温柔的英文歌｜神仙嗓音,110万,池塬泽浅
/playlist?id=7441513991,蓝调摇滚｜撩拨灵魂的旋律,充满叛逆的节奏,77702,Bzstrive
/playlist?id=7554552184,美剧｜女浩克｜She-Hulk：Attorney.at.Law,5639,恰如你所爱
/playlist?id=2790947127,Δ 宝藏 Δ 这不会都是你的日推吧,154万,剑仙xg
/playlist?id=86777678,妈呀！这男声有剧毒！！！,97万,Hard-with-Core
/playlist?id=566300165,车载音乐酒吧（每日更新）,118万,平平爱吃牛肉
/playlist?id=2484415186,起床/健身/洗澡/醒脑/开车/跑步/通勤,467万,三韦三
/playlist?id=5223488269,『浪漫少年俱乐部』每一天都是人生限定,116万,陈笑一Joylyn
/playlist?id=117806015,[BPM170-174]跟着节奏来跑步!缓节奏,17万,奔跑的雨酱
/playlist?id=2626791361,在枕头下放一颗糖 做一个甜甜的梦,306万,她的水彩笔
/playlist?id=7430487278,夏日入侵计划｜海风吹拂 落日海鸥,16万,Bzstrive
/playlist?id=2462787672,『欧美民谣』净化心灵，澄澈的浅吟呢喃,124万,一生向海
/playlist?id=4974682089,复古慵懒 | 当经典摇滚被爵士如此演绎,181万,后现代养猪专业户
/playlist?id=59570166,布鲁斯殿堂级大师,81万,YouTube热门日推
/playlist?id=7545592699,听好我的押韵，你的耳朵准备怀孕,820,贰零贰贰年捌月贰拾叁日
/playlist?id=480559590,那些好听却不知道语种的歌,434万,单音系
/playlist?id=431249464,「Coldplay」绚烂生命的礼赞,230万,Alexii-
/playlist?id=7688984,绝世女声 Adele 阿黛尔 臻选,82万,月箫人kK
/playlist?id=5381381410,欧美高燃踩点丨荷尔蒙爆炸般的暴力美学,1905万,Amber丶Queen
/playlist?id=4796585,ZARA专卖店背景音乐精选合辑,84万,正小守
/playlist?id=316587388,Jazz?最舒缓的咖啡伴侣,241万,yin雪燕
/playlist?id=2382414936,复古向 | 烟嗓的100 %性感含量,400万,云音乐VIP
/playlist?id=2841424429,【续更】脏标大赏,252万,Linskual
/playlist?id=2570147233,【私人甄选】切歌算你厉害,49万,Hoosler
/playlist?id=7423078354,含情脉脉｜用音乐邂逅一场法式浪漫,94313,Bzstrive
/playlist?id=2970772045,【脏标】这些E标歌曲，好听就行了,647万,正在数月亮
/playlist?id=20895305,梦龙乐队专场（必听）,91万,怪话小组
/playlist?id=2037067301,戳爷/美渣/断眉/萌德/灰森/比伯/六公主,2170万,摇L乌托邦
/playlist?id=488575080,『欧美』精选76首极致冷门女毒,513万,防城港小司机
/playlist?id=2220081292,安静细腻的欧美小调，献给失眠的你,1298万,SuperMan-LEE
/playlist?id=5187893272,极致嗓音：柔美温醇 氤氲缭绕心间,186万,mayuko然
/playlist?id=7417914721,DOis微醺 情调 | 氛围感拉满,86万,迷藏lp
/playlist?id=88820658,「适合跑步的节奏」【必备篇①】,1348万,by丶WhoIAm
/playlist?id=7468316703,夜店人来疯：驱赶压力的狂声浪电,15572,Martin网易云Carlos
/playlist?id=5235977490,欧美治愈系｜日子需要我们进取向上,12203,Listento丶music
/playlist?id=814812699,欧美 | 前奏跪 × 开口脆,12180万,迟到情书
/playlist?id=2948442022,适合学习英语词汇/值得单曲循环,48万,37号元素
/playlist?id=5352821257,「欧美」比伯 萌德 戳爷 碧梨 断眉 黄老板.,554万,艾尔艾克斯
/playlist?id=7547530767,极限压弯BGM | 不想你躺平 只想你燃起,1090,汉汉不吃芹菜
/playlist?id=6782018800,超好听的英文歌曲,37万,有人弄乱了玫瑰-
/playlist?id=6925784129,夜色微醺｜思绪陷入云海，月亮落在肩上,30万,Evelauren
/playlist?id=7336700790,独享蓝调R&B:耳机青年的深度陶醉,381万,李不咸但甜
/playlist?id=2755687592,当炸裂beat配上炸裂说唱flow,326万,多写loop容易秃头
/playlist?id=5142266799,蜜桃慕斯?诱人嗓音与清甜质感,173万,樱桃味音乐
/playlist?id=2140976267,99°C耳朵怀孕系列,2995万,三月咖喱
/playlist?id=813527004,California dreaming | 悠闲惬意的慵懒曲调,254万,最渣男友
/playlist?id=2263732677,我不喜欢这个世界 我只喜欢你,423万,树洞狸奴
/playlist?id=7387788405,Tender?|?复古太妃糖?温柔花朵的心动,11万,尘埃之海
/playlist?id=2290542611,冷门电音挖掘机|没有999＋也可以很惊艳,116万,NeilShine_
/playlist?id=2972056119,开一间小店，贩卖美好,82万,张颜齐天大圣啊
/playlist?id=5134994,无法拒绝的英文歌曲 十星级推荐,269万,雷击天下
/playlist?id=2865562039,熬夜打游戏必备buff，建议随机播放,204万,AcardiaKk
/playlist?id=2081768956,那些为电音画龙点睛的惊艳女Vocals,615万,薛定谔的缝纫机
/playlist?id=6753881336,开口即是惊艳｜独特惑人嗓音 一秒沦陷,302万,北方易先生
/playlist?id=41711125,节奏入耳?开口便心动,933万,Maggie妙妙妙
/playlist?id=939320758,深情布鲁斯，浓情老酒馆。,2035万,帐号已注销
/playlist?id=6880840869,少年感||保持热爱，阳光也能变得温柔,79万,JealousBoy
/playlist?id=77497542,健身房节奏! 烧脂,1251万,nnnjat
/playlist?id=889960888,「欧美流行」那些你想找又找不到的歌曲,6334万,G00d9T
/playlist?id=2648146064,美式复古?慵懒海风 甜甜假日,91万,Riyc_siiv
/playlist?id=6910943140,【美式Rap】篮球、撸铁、健身、练肌,10360,奋力爬上山巅的山羊
/playlist?id=2920508319,打游戏听的歌、,1237万,心动花花_
/playlist?id=2067228088,法式浪漫|阳光下的惬意午后,157万,MissFeiiii
/playlist?id=134839472,?车载奢靡享受Deep House深度灵魂潮牌慢摇,4330万,环球电子Universal-EDM
/playlist?id=2133712293,生活，太需要这些节奏了,1138万,北漂老妖
/playlist?id=6906940428,沉溺在致幻陷阱,32万,lOriagxN
/playlist?id=6651291251,英文 特异独行 小众且宝藏,20万,STBS_
/playlist?id=2097947168,玫瑰全都给你?可不可以把你给我？,890万,NickyRomero
/playlist?id=2037020941,戳爷/黄老板/断眉/萌德/骚姆/比伯/烟卷,4144万,摇L乌托邦
/playlist?id=5344775532,复古系|光怪陆离的幻想之旅,104万,Spectual
/playlist?id=5465168735,「化妆/洗澡」女孩子当然是草莓味的!,493万,iambeiqing
/playlist?id=5090138711,消暑100% | 把夏天变成一碗薄荷冰淇淋,127万,我像只鱼儿在喝你的汤
/playlist?id=560609382,『加州公路』皮卡夕阳与微风，生活不止苟且,2052万,帐号已注销
/playlist?id=5333519878,soft breath｜沉溺温柔音海.,142万,弥生拾贰
/playlist?id=151294356,清吧抒情英文歌曲,471万,我只身一人游过心海
/playlist?id=3060659920,英伦情调|深海中的温柔孤岛,243万,Unexplainable
/playlist?id=2561189592,女声电音热浪席卷系列,363万,栋栋aaa
/playlist?id=5280820537,电子「Melodic Dubstep」唯美意境 梦幻律动,16万,PeterMckinnon
/playlist?id=6911164439,醇法语・爵士味老派奇趣复古趴,38万,Doksana
/playlist?id=2825077157,宝藏电音 | 清新电音与惊艳女声的完美融合,176万,樱桃味音乐
/playlist?id=7477529522,趣味时刻｜俏皮旋律 带动一整天好心情,36635,Bzstrive
/playlist?id=5053782850,欧美缱绻 | 于日暮轻拾细碎温柔,185万,衾琳儿
/playlist?id=3232190719,旋律控必备！那些开嗓跪的欧美小众歌曲?,527万,BAEK-J
/playlist?id=951773914,单曲循环??性感到爆的俄语男声,60万,有姊
/playlist?id=2179751046,“长大应该是变得温柔，对全世界都温柔”,259万,树洞狸奴
/playlist?id=3086342439,夜g兜风 | Urban?Contemporary,69万,Magigie
/playlist?id=7471310184,驶向梦境丨旖旎时光里的浪漫柔情,16765,丨IIIIIIIIII丨
/playlist?id=5451679698,控球 节奏 打球时听的歌 ＃ 控卫,775万,IODIY
/playlist?id=6688006416,R&B/Hip-Hop/旋律/氛围/节奏/律动,646万,Wizme伍子木
/playlist?id=6787155036,[欢快男嗓]温柔沉迷侵入心底！,99万,JealousBoy
/playlist?id=7590419338,漫行在荒漠公路上 西部旅行自驾游,5525,高原乌鸦
/playlist?id=2394125021,请随机播放，切歌算你赢,1853万,leyoonafr
/playlist?id=5157320558,独立流行 | 光怪陆离的记忆岛屿,87万,塔希提岛的月亮
/playlist?id=511670662,【兴奋 运动】鸡血专用,312万,Nianmj
/playlist?id=517438933,前奏就让你沦陷的电音和神级Remix【慎点】,4640万,ModernTony
/playlist?id=5205862998,落叶之秋 微风徐来 所有美好不期而至,65万,樱桃味音乐
/playlist?id=484565722,深夜做作业听点安静的歌(欧美为主),223万,韩酒黔
/playlist?id=5245145538,藏在音乐剧中的惊艳女声～,71万,楼船夜雪天
/playlist?id=2788012762,疗愈人心的温柔嗓音：愿你美梦好眠,398万,mayuko然
/playlist?id=2725980330,穿上法式复古裙的慵懒午后,93万,阿诺小森
/playlist?id=2661934984,Aurora Aksnes,78110,ChokeWhale
/playlist?id=7467483991,欧美串烧｜Best Melody of the year,9583,不加糖的阔落
/playlist?id=365959097,中古 | 凯尔特音乐前尘往事??,364万,-解忧杂货店
/playlist?id=5342515288,心动电子丨糖度100%撩耳甜系女声,35万,七厘视线
/playlist?id=6676073640,R&B 夜色微醺氛围高级感,21万,zxwbb_
/playlist?id=2632007068,温暖少年音 ・ 叙述甜甜的少年心事,367万,shakemyhead
/playlist?id=487457627,说不出名字的那些经典英文歌,5645万,机智的兔子刘
/playlist?id=170300335,本人写作学习歌单（全英文歌单）,47万,海边的Manchester_
/playlist?id=4981494262,欧美安静向｜仙气嗓音，沉静学习?,278万,BAEK-J
/playlist?id=731254934,Future?House‖生活需要仪式感,207万,壹阐
/playlist?id=2162365304,早晨公交车上提神醒脑的曲儿,233万,AKA江直树
/playlist?id=6613382982,精选｜雷鬼・Reggae节奏蓝调抒情音乐,21万,韩知心i
/playlist?id=7422225535,夏日露营｜嫩绿的草坪、阳光、微风,38579,Bzstrive
/playlist?id=2877430180,「民谣/欧美」 温柔治愈英文歌 收藏向?,106万,安以然养成计划
/playlist?id=4899659549,冷门亦惊艳｜聆听女声与电音的心动交汇,638万,NeilShine_
/playlist?id=2712936322,踩点 | 前方高能 让你欲罢不能的BGM,4458万,Vxe-
/playlist?id=21310230,HOUSE 舞 动 的 灵 魂,69万,川水也
/playlist?id=2017497382,Trap Rap｜低音轰炸 匪帮唱诗 ,55万,GucciVoss
/playlist?id=7590609597,-精选｜高质量爆火英文歌曲.,19,乐知秋
/playlist?id=5058285471,发呆指南｜听这些才能放空大脑,230万,Rhaast
/playlist?id=7590465600,失眠治愈所｜你的可爱 治愈一切不可爱,56,Bzstrive
/playlist?id=2177013824,超燃 游戏歌单（带动全场）,1138万,I琦玉老师I
/playlist?id=963658246,『口语训练』 英式口音迷死人,67万,贫道王三辰
/playlist?id=7228606210,[节奏控]【超好听的小众英文歌】,121万,Gabelm
/playlist?id=7572219969,「微醺星球船票」欧美R&B限定浪漫,37万,RyanZ阿郑
/playlist?id=2516848246,?极致节奏控丨超好听的神仙女声,37070,因果空境
/playlist?id=7433846767,惬意时光丨做个浪漫的白日梦想家,13万,Bzstrive
/playlist?id=4946409687,『Beauty』花丛后散落的是浪漫的深情,71万,landsa
/playlist?id=7309532320,春日烂漫?露营必备|去户外享受阳光的香气,50万,王恬是个大菠萝
/playlist?id=4969813582,甜酷女孩专用歌单,363万,siyisyz
/playlist?id=820129311,欧美女声 ・ 女孩子的嘴唇是棉花糖做的,382万,shakemyhead
/playlist?id=131125664,国际顶尖时装发布会｜名厂音乐｜无损,428万,邓商
/playlist?id=2261004329,【欧美】单曲循环的欧美慢摇,77万,想去西南吹L
/playlist?id=2993354249,30秒必有高潮点,446万,极品鱼子酱
/playlist?id=2872125986,『神级现场』让人泪目的欧美经典live,611万,十三逆旅Cobain
/playlist?id=892155954,R&B/Hip Hop/Trap,54万,Candydrip
/playlist?id=490764742,民谣老炮儿：苍老的灵魂最有味道,13万,YouTube热门日推
/playlist?id=4983641639,小众高级感音乐(超级有感觉),129万,我是你内心的我
/playlist?id=4870390692,酒吧暖场音乐(酒吧必放),62万,网易丁久
/playlist?id=2653881464,戳爷/断眉/比伯/萌德/黄老板/霉霉/碧梨,237万,是社长吖
/playlist?id=896460125,流行 & 经典 || 欧美电影金曲精选,326万,可尼晏
/playlist?id=2616238898,『冷门』Have a nice 「Holiday」假日必备,263万,循光
/playlist?id=7528701897,BiliBili日推歌单（持续更新）,18004,xf_Official
/playlist?id=17608797,Stacey Kent 世界一流爵士歌手,36万,随风入梦
/playlist?id=2808486097,Summer ° 海盐风味夏日迷幻音乐,243万,摇L乌托邦
/playlist?id=7439947364,极致爱意｜用温柔之声融化暴戾和不安,16万,cLu
/playlist?id=2485993756,钢琴深情弹唱 ・ 琴音绕梁 我依旧思念你,254万,shakemyhead
/playlist?id=2016107008,会让你心情变好的英文歌单?,7186万,阿萌酱小可爱
/playlist?id=7101691613,【Billboard】2021年单曲年榜Top100,65万,Keung13
/playlist?id=2474594001,集泪瓶 ・ 望你遇到视你如瑰宝的爱人,400万,shakemyhead
/playlist?id=95242467,『欧美』哈哈 抖腿患者找欢乐来了,100万,PURPOSEAndy
/playlist?id=5122277984,电影留声｜大叔嗓音?唱尽沧桑,45万,下一颗巧克力
/playlist?id=459944247,|空灵| 清晨在森林里苏醒①,549万,-TRTan-
/playlist?id=6851616292,温柔药剂 ? 不适合恋爱的社恐人员,27万,OmenTwwnmfm
/playlist?id=170821865,你值得收藏的【美式乡村音乐】持续更新,62万,RockyChen若琪
/playlist?id=5171865284,欧美小众丨解锁轻盈雾感格调深邃女声,133万,七厘视线
/playlist?id=115349608,五秒前奏杀死耳朵 抖腿节奏强推,125万,蓝抑郁剂Lily
/playlist?id=2082082867,[ 蓝调典藏 ] 现代布鲁斯音乐Blues精选,37135,B7和弦的信仰
/playlist?id=2067038343,[节奏控] 超带感的英文歌,233万,卿^__
/playlist?id=2089326276,『Eminem』 姆爷全集无重复??,24万,Chloris-Cc
/playlist?id=7891516,Billie Holiday 比莉-荷莉戴爵士天后,28万,随风入梦
/playlist?id=2765249312,轻缓入眠?°玫瑰小岛和蓝色暗流,391万,我
/playlist?id=2880622744,文艺派 | 藏在诗集里的奇妙幻想,124万,olly的牙缝
/playlist?id=7127315812,氛围特调丨慵懒随性享受摩登时光,37149,丨IIIIIIIIII丨
/playlist?id=6799998255,2022年Billboard公告牌年中最佳单曲Top50,147万,十三逆旅Cobain
/playlist?id=549514721,Deep House,384万,Klbert
/playlist?id=15163713,百年奥斯卡金曲珍藏版&英文老歌,2132万,bl1985
/playlist?id=5465356612,欧美快乐系｜想2.5倍速播放最近的日子,186万,Listento丶music
/playlist?id=2643377729,欧美超燃bgm・踩点向|燃到爆炸/剪辑风格,1615万,yxich01
/playlist?id=158634153,一只和月亮一起出现的树洞,988万,音旧-
/playlist?id=39967792,?? REGGAE丨从牙买加到云南,45万,具象波
/playlist?id=23407418,超lazy的午夜沙发音乐,286万,SunsetCruzer
/playlist?id=551902217,「欧美清新电子」让人无法抗拒的美妙旋律,1146万,海岛度假Santorini
/playlist?id=2704384438,「欧美・女声」令你的多巴胺跳起舞来,144万,_稀粥-
/playlist?id=2463761414,精选欧美电子?| 感受深邃内心的旋律,297万,倒闭的才华有限公司
/playlist?id=3229185779,『午安・舒适/放松』仿佛置身于乡野牧场,474万,羊羊小毛衣
/playlist?id=6960118200,当我在地铁上误连别人的手机蓝牙后,199万,酥崽子今天早点睡嘿
/playlist?id=2415455938,REMIX|论如何优雅高冷且性感,236万,卧室坐家
/playlist?id=2525632823,劲爆电音，英文纯音，节奏打点，应有尽有！,3186万,沐辰style
/playlist?id=2687869264,比伯 戳爷 霉霉 碧梨 艾薇儿 火星哥 麦姐,270万,花花甜莓日系
/playlist?id=362848454,?Tr?pical House | 海风度假,116万,AhnJiyoung
/playlist?id=4308248,最好听的网易云抒情欧美100首,923万,正小守
/playlist?id=6887483239,欧美风/超燃节奏潮音+甜美嗓音,51万,林`杳
/playlist?id=160065334,『阿卡贝拉』换种方式演绎欧美热单,681万,ZellaDay
/playlist?id=7600248012,「JAY-Z」东海岸伟大的Rapper,13万,RyanZ阿郑
/playlist?id=2813508916,音乐诗集｜?静似风悠扬，淡如水潺,70万,野v
/playlist?id=2789292193,健身跑步BGM,484万,HaPNy_
/playlist?id=2514136633,[安德烈波切利Andrea Bocelli演唱合集],35627,属七先生
/playlist?id=2364146680,提神醒脑 疯狂抖腿魔性摇头.GIF,4697万,鹿白川
/playlist?id=4890146949,『Gentleman』梦境温柔低语,75万,landsa
/playlist?id=3086599778,网易云评论最多英文TOP100,1476万,蚕豆音乐娘
/playlist?id=6871860305,健身房燃料，释放你的多巴胺！｜Narwal?,126万,NarwalMusic
/playlist?id=3207281164,嗨999+ 忍不住抖腿的欧美神曲 旋律控,953万,u限定_
/playlist?id=18603780,Chantal Chamberland 加拿大~爵士香朵,17323,随风入梦
/playlist?id=869655720,存在即女王 | 来人啊 把本宫的BGM呈上,1578万,KillBunny
/playlist?id=2067348509,另类集 | 游离于独立迷幻世界,95229,Xthousis6
/playlist?id=2994969325,『早安・晨之歌』万物生长，鸟儿欢唱,185万,羊羊小毛衣
/playlist?id=2175448390,化妆必备BGM,893万,韩喵喵唔
/playlist?id=5086167990,「唯美女声」电子音乐与女声的完美邂逅,12万,Nytrix
/playlist?id=5245963086,Future Bass | 前奏沦陷，单曲循环,42万,kemomi
/playlist?id=5430276264,时光逝去|街口的花店不开了 但花在继续开,10万,后原
/playlist?id=385530214,r&b hiphop-中毒性&上瘾&节奏控,60万,FIGHCO
/playlist?id=7565623103,Someonelikeyou｜开口跪｜欧美流行精选女声,2842,金-三仰
/playlist?id=7605359593,Smooth Jazz | 小酌红酒的风雅之夜,137,Dream_d7
/playlist?id=492446187,『电子邂逅女声』至臻节奏，身享心醉,579万,萌德不萌
/playlist?id=482798821,最爱骚蓝（各个风格布鲁斯以及老摇滚）,19万,Digos_Huggoo
/playlist?id=361338397,「蓝调布鲁斯」老酒馆的暧昧情调 ?,1185万,如花一般绽放丶
/playlist?id=934749307,X.酷玩.梦龙.共和.林肯.魔力红.FOB.5秒,18万,T-Silence-
/playlist?id=491047613,美国乡村音乐最经典的44首歌曲,277万,惊波微澜
/playlist?id=4969095978,另类独立｜荒岛黎明 梦幻泡影,26万,蒸汽草莓波
/playlist?id=6625988279,孤岛情书｜涌入梦境扉页的白昼相思,41万,Bzstrive
/playlist?id=2680716755,『代入感超强』打游戏必备超燃歌曲,600万,倒数-18
/playlist?id=116617957,带电的时装走Show配乐~,126万,桔橘不甜
/playlist?id=49242031,小酒馆的微醺需要腔调和情怀,2445万,R宣王啃牛角
/playlist?id=3202388693,「闲情酒馆」醇厚酒香邂逅消遣时光,96万,Pistazien
/playlist?id=372908519,史上最耐听的经典英文歌曲与名人异国同唱,137万,马文威
/playlist?id=865468321,Novo Amor?冰岛之声,87万,十二号充电星球
/playlist?id=4990593966,【夜晚+学习】代码/刷题时听的歌,122万,乘风的蜗牛
/playlist?id=5382315851,欧美‖说唱旋律说唱与R&B,97489,芋泥熊熊-
/playlist?id=5376368685,欧美治愈｜好心情每天照常营业,329万,Listento丶music
/playlist?id=7480837021,日落轻柔小众｜海浪与晚风叙旧,34万,Cris别乱花钱
/playlist?id=72919118,安静入眠 耳鬓厮磨的轻柔,85万,shakemyhead
/playlist?id=633615256,『开口跪』好听又不知道名字的英文歌,97万,Sakura_2017
/playlist?id=762008701,? ? ? | PBR&B｜迷幻 微醺 慵懒,196万,Jaimolv
/playlist?id=2337455529,斯莱特林?Slytherin丨优雅的野心家,467万,Annipog
/playlist?id=2031276596,步频180 跑步10公里 配速5分钟,98万,失眠倒计时
/playlist?id=7625579982,超级无敌好听的英文歌,51,劫戒0809
/playlist?id=480953725,拽宝们必备 | Trap Rap 加持 一听不可收拾,151万,复古的心
/playlist?id=2873682622,驾车燃向 | 强节奏提神 现在就出发！,127万,鹿鸣长风
/playlist?id=7447020140,晨跑专享｜燃脂节奏，甩掉卡路里,7373,Martin网易云Carlos
/playlist?id=7530126646,烟嗓｜不恨会人稀，只为知音寡,708,帐号已注销扫墓人
/playlist?id=5306118951,冬 | 漫步在荒原 我想找一棵栖息的树,110万,最爱洋甘菊
/playlist?id=6593498389,?欧美 | 日落余晖 静听女声醉耳,51万,不考上武大不改名
/playlist?id=2479397515,甜味爵士 | 焦糖拿铁口味・甜柔度100%,213万,塔希提岛的月亮
/playlist?id=6589049163,BOOMSHAKE丨微醺Hiphop,143万,tan4ko
/playlist?id=2156628089,我可是个健身女孩呢,116万,六一酱61
/playlist?id=7547401180,薄荷之夏｜我们的故事总是发生在夏天,460,Bzstrive
/playlist?id=6724978342,『欧美流行』始于前奏―开口跪,770万,达达乌帕谷
/playlist?id=3228481862,Progressive House| 梦幻渐进,即刻陷落,76万,夕日向暖
/playlist?id=163150274,高能燃脂?假期健身跑步必备BGM,2559万,yin雪燕
/playlist?id=7437085561,温柔呢喃｜音乐是随身携带的避难所,7436,Bzstrive
/playlist?id=6635182893,致女生°别否定自己 你真的特别好,29万,樱桃味音乐
/playlist?id=2347008317,［英文民谣］有时间一起喝杯下午茶,396万,野猫吃人
/playlist?id=7405817995,心动旋律丨虚幻荒诞下的另类浪漫,10万,丨IIIIIIIIII丨
/playlist?id=5483061073,10w+评的英文歌 极品好听,348万,Dear沐云
/playlist?id=587468955,把温柔唱成了英文歌，融化了星河,681万,八月夏末_
/playlist?id=5137716122,『骑行』骑车爱好者的必备歌单,89017,废墟花儿开
/playlist?id=510190176,EDM Trap丨狂野不羁的邪魅低音,1403万,避难所Shelter
/playlist?id=5014895444,Beyoncé ｜R&B女王 不止骨子里的性感,31万,云音乐VIP
/playlist?id=2968950064,[乡村音乐]田纳西州的音乐之路,504万,小铁Joe
/playlist?id=2148497305,脑内Party | 这才是我想要的Deep House,75万,Grandir_v
/playlist?id=3196264232,『起床』拉窗帘/刷牙/洗脸/喝水/换衣服,1376万,Ceaoee
/playlist?id=7227046292,史上最全英文歌,21万,ruiRuishy
/playlist?id=15425552,可以单曲循环的摇滚歌曲,172万,墨_子
/playlist?id=5352857836,钢琴演绎 | 冬日静坐在火炉旁享受舒缓节奏,122万,空山鹤行
/playlist?id=2980449634,让你嘴角上扬的英文歌,423万,今天也love你
/playlist?id=126338465,健身必备，莱维贝贝,58万,和熠林
/playlist?id=7212442830,「欧美说唱」温柔rap唱给你听,43422,The_Shire
/playlist?id=2320144876,炸了 ！炸了 ！炸了 ！Swag极品,413万,Rootskool
/playlist?id=2414707016,本仙女化妆/敷面膜/护肤/洗澡/收拾专用歌单,2786万,3KALIA
/playlist?id=2050704516,2018全年抖腿指南，老铁你怕了吗？,2433万,NickyRomero
/playlist?id=2825552570,刷题|节奏轻快旋律惊艳的欧美歌单!!,524万,周二下午八点
/playlist?id=6655745093,节奏控/那些超带节奏感的音乐,48万,想再见l面
/playlist?id=3210184177,【旋律电子】让跃动的彩虹激活你的心灵！,235万,谐星七十六号
/playlist?id=104454670,抒情摇滚?心底深处最柔情的呐喊,25万,yin雪燕
/playlist?id=6885030145,欧美说唱「令 人 上 头 的 hip-hop 艺 术」,95万,AlvaroSoler_Official
/playlist?id=2333731148,海盐风味｜浪漫迷幻°新鲜度100%,665万,猫头罐与六便士
/playlist?id=6974835249,慵懒卧室――氛围感,13万,LadyLuna_
/playlist?id=7532788278,HipHop | 在律动中摇摆,68030,干饭小天才丶
/playlist?id=4956447767,那些耳熟能详的Doja Cat,50万,DojaCatDaily
/playlist?id=2526060026,罗曼蒂克式摇滚,231万,云音乐VIP
/playlist?id=2644810336,：: 微醺随性浪漫：:,42万,loupurple
/playlist?id=5469009904,梦龙乐队『精选免费』,101万,林肯公圜
/playlist?id=770073025,莓～莓(泰勒?斯威夫特),92万,榴莲味的绿菠萝
/playlist?id=709171115,犯困一听就清醒的欧美,668万,Ingrid_LL
/playlist?id=877586534,欧美惊艳歌曲 唤醒沉睡的耳朵,460万,萌蛮丶
/playlist?id=467058152,精选 | 百听不厌的英文歌,5060万,艾琳艾德勒丶
/playlist?id=911370117,目前为止最棒的英文男声,122万,走吧旅游散心
/playlist?id=7526802340,微醺° 歌单? 浪漫氛围感 soul ,119,-孤岛与海_
/playlist?id=58916643,唱歌的诗人，独自优雅,44万,YouTube热门日推
/playlist?id=393431172,HVOB（干净深入Vocal Deep House）,26万,PurifiedOrigin
/playlist?id=83105064,257位西海岸说唱歌手精选,353万,EmBanks_Arman
/playlist?id=2346197510,【欧美流行歌曲★】百听不厌?,320万,Nuyoah_1007
/playlist?id=2503202287,怀旧旋律 ・ 旧时光里的天马行空,213万,shakemyhead
/playlist?id=5257777447,『Progressive House』沉迷渐进的震撼旋律,42万,Avirx
/playlist?id=32471960,温柔的摇滚吟颂者,466万,别情先生
/playlist?id=92889121,德语歌曲精选集,50万,Schwarzwaelder-Kirschtoertchen
/playlist?id=2246462833,励志摇滚 ・ 人生本是永无止境的攀登,781万,xept
/playlist?id=2917207940,赖床专用|?欧美?|?慵懒向,164万,花aaa生米
/playlist?id=4888920141,老叁音乐的歌单,87万,老叁音乐
/playlist?id=6702660581,欧美流行歌曲 ｜那些你想找又找不到的歌曲,1032万,魂爷zz
/playlist?id=5313948950,放空进行指南 ? 独自沉迷晕光落日,85万,LovelyWICK
/playlist?id=6813922455,Spotify | 流媒体播放量破10亿的单曲,67万,MusicalTimes
/playlist?id=623894359,玩长板时听的歌,571万,ZEzra
/playlist?id=2423552205,复古派对|一起跳欢乐的舞蹈吗,47万,卧室坐家
/playlist?id=2078306916,【游戏bgm】中 单 の 处 刑 曲.,267万,超天酱真的太棒啦
/playlist?id=5290537552,惬意漫步?°焦糖日暮与蜜色草地,25万,介是小象
/playlist?id=913708064,Lemon Tree:)惊艳的英文歌曲,58万,谁在屋顶上唱歌
/playlist?id=2183721107,一个有点意思的英文歌单,144万,HrDenny
/playlist?id=2852805110,E标【禁 止 收 藏】,405万,TENET-V
/playlist?id=5440161917,西班牙语超好听流行单曲{2021},12972,网友阿力
/playlist?id=3013629069,来剂忘忧药 | 祝你活的随性而又洒脱,204万,空气很颓废
/playlist?id=2499249150,冷门佳曲：宛如梦境般的迷幻嗓音,327万,mayuko然
/playlist?id=740322272,神级Remix | 歌曲的重生,946万,怪兽Sound
/playlist?id=870395774,80'Sing | 复古现在进行时,424万,努娜左
/playlist?id=2129073198,健身减脂燃炸歌单Tiger的停不下来,54万,SuperTiger18
/playlist?id=2544563570,仙女精致化妆BGM,455万,愿愿很ok
/playlist?id=2116270735,清晨唤醒你的清新小调（强烈推荐）,189万,夹心巧克力派
/playlist?id=2417487021,【Joji】作品合集,128万,dvkton
/playlist?id=32360446,收集向~英文集锦,73万,zaneqi
/playlist?id=404203653,275首值得一生欣听的英文歌,814万,帝歌-世界因你而更美好
/playlist?id=5220741653,音乐剧中念念不忘的对唱,58万,楼船夜雪天
/playlist?id=7091740574,耳机党福利｜超酥超好听的的英文歌单！,16万,佛系音乐藏家
/playlist?id=7431638280,经典佳音｜细品旧时光里的柔情岁月,81352,Bzstrive
/playlist?id=54609532,可以陪你循环一整天的【欧美大叔嗓】系列①,53万,by丶WhoIAm
/playlist?id=2898916057,温柔系‖等星星都睡着了 再说想你,490万,ClairoToday
/playlist?id=2661670902,“我爱你”用音乐剧要怎么说??,35万,楼船夜雪天
/playlist?id=2653139197,hot girl辣妹必备！,692万,imssshui_
/playlist?id=7130001802,So bxtchy‖拽姐的美式甜心说唱,188万,芝士h小熊_
/playlist?id=482618078,又拽又燃，走路带风那种！,442万,因为头像太吓人而被网易云屏蔽了
/playlist?id=2065793008,燃向欧美｜置于彻底绝地 方可重生,442万,咬口奶油
/playlist?id=2866624523,运动打球必备/节奏控,2877万,Sunhope_
/playlist?id=833435091,欧美说唱|好货私藏,311万,AkashiAshes
/playlist?id=5295292555,-『Rap』压 马 路,159万,3shMoneyAp
/playlist?id=2791365839,?Jazz Bar?爵士酒吧御用曲目精选,42万,Gondor-Modor
/playlist?id=2785066954,Swag Party | 跟着音药嗨就Vans了！,19万,Rootskool
/playlist?id=6807220410,那些环绕耳盈的梦幻合作,56万,Zaraaccess
/playlist?id=515365352,听一遍就想循环的英文歌,900万,BBPods
/playlist?id=6624567035,初春心事厅 ? 将思绪放空装满阳光,76万,LovelyWICK
/playlist?id=3130270730,「Alternative R&B」无与伦比的丝滑感,72万,Siiegfried
/playlist?id=6631213300,『欧美』摘下星星，伴随着月亮入睡,395万,哥哥要喝排骨汤吗
/playlist?id=367632186,「爵士女伶」咖啡馆的微醺慵懒,235万,如花一般绽放丶
/playlist?id=2080022187,R&B｜交织于慵懒声线中的撩人节奏,406万,凯蒂肥狸
/playlist?id=2067771849,好听的英文歌单！！！,73万,ch-菲儿
/playlist?id=2968982695,【黑胶vip专属】欧美会员歌单,120万,_豆腐花_
/playlist?id=620130602,欧美 私藏? 持续更新仙嗓新歌,89万,HarryLouis-
/playlist?id=3019716374,【欧美说唱歌单】英文说唱欧美hiphop精选,97888,kyrielong8
/playlist?id=148489369,越冬越运动?好身材虐出来,1034万,yin雪燕
/playlist?id=6887208022,欧美精选：一人一首代表作,98万,独性恋
/playlist?id=2738703582,异域风情，覆盖着特立独行调味剂的香水味,100万,i看美剧
/playlist?id=7599729840,『欧美』电子音乐，在霓虹天空下捕获你的心,76,StriveToAchieve
/playlist?id=7597134229,解忧小铺丨安抚烦躁的舒适角落,100,丨IIIIIIIIII丨
/playlist?id=5038726201,夏日甜风丨在阳光下做海盐柠檬味的梦,134万,Bzstrive
/playlist?id=359551186,R&B/Soul布鲁斯______________,74991,RandB挖掘机
/playlist?id=5343839811,孤独药剂 ? 雨季中一个人的音乐小屋,35万,OmenTwwnmfm
/playlist?id=875613047,山形瑞秋／Rachael Yamagata作品集,127万,属七先生
/playlist?id=7580056327,【欧美经典歌曲集】,67,Muhabbat-Official
/playlist?id=3224097560,欧美｜惊艳动人的男嗓穿透心灵 魅力无穷,145万,ClairoToday
/playlist?id=3114951264,你不是最擅长打逆风局吗,146万,你也没能成为我的救赎
/playlist?id=102689614,发烧男声 当・威廉姆斯,95万,老乔-如歌
/playlist?id=101992106,国际顶尖酒吧｜名厂音乐｜无损,492万,邓商
/playlist?id=2631594249,音乐钓鱼平台,48万,小由J
/playlist?id=7198659793,2021年度欧美最佳单曲,71万,网易云音乐
/playlist?id=2414960807,内容引起极度舒适,828万,食人奶奶-
/playlist?id=6944248020,[欧美推荐] 宝藏歌单 超级奶斯,68万,香慧美
/playlist?id=7518891315,当个性灵魂遇上独立摇滚,1226,lOriagxN
/playlist?id=2049460383,【节奏控】一听就上瘾的惊艳女声③,593万,还你一个夏天
/playlist?id=8295695,如茶般芬芳的英文民谣。,454万,阿勃勃
/playlist?id=7599174336,R&B氛围丨万缕柔情 拂动心弦,78,丨IIIIIIIIII丨
/playlist?id=395678641,每个噪到死的摇滚乐队都有一首柔情到哭的歌,510万,梦到了所有人的梦
/playlist?id=58342444,健身房动感单车Spinning,107万,夏天_zyh
/playlist?id=2208056597,觉得好听的英音美音其实是真的好听,148万,-gxy-_
/playlist?id=2492094121,温柔睡眠曲 只有猫和音乐伴我入睡,422万,鹿白川
/playlist?id=533360996,J.Fla（最美侧颜）小姐姐翻唱,1081万,你弹吉他的样子很好看
/playlist?id=23266907,随身携带咖啡馆～惬意无限循环,62万,会跳的咖啡豆
/playlist?id=5271618694,【夜晚慎入】性感骚曲~~~~,106万,STY云笙
/playlist?id=399136850,迷幻-盯鞋-dream pop-后朋,41万,fake-ophelia
/playlist?id=308388512,「奇怪的坏品味」,187万,郑丁禾
/playlist?id=990907486,Melanie Martinez牙牙治愈独特童话风,247万,-onlyQuanYZ9w-
/playlist?id=5453723347,Sky 光遇光之逆子跑图嗨歌,89万,冬天一起看雪天
/playlist?id=6996167283,[治愈英文]没有名字的夜晚,297万,帐号已注销
/playlist?id=7551336892,致敬迈克尔杰克逊 | 灵魂舞者 荣耀公益,155,汉汉不吃芹菜
/playlist?id=2822946708,节奏/运球/后卫〖假期篮球训练计划〗,121万,Ryan和他的七月
/playlist?id=7525867617,音乐咖啡厅| 让你心情变好的英文,69,汉汉不吃芹菜
/playlist?id=886719843,众里寻他 | 肋骨至胸腔的冰冷共鸣,95万,KillBunny
/playlist?id=927743851,「初秋之味」落木是归雁停足的驿站,378万,独行的棕鹿
/playlist?id=2434987000,化妆拍照BGM.,4947万,Lscheese
/playlist?id=1997166218,「骨子里的 Old School」,433万,重c二流仔
/playlist?id=4940149731,俏皮与性感极致摩擦 碰撞完美化学反应,531万,舒挽睡不醒
/playlist?id=2116810839,一听就上瘾的欧美电子歌曲，开口就沦陷,489万,yxich01
/playlist?id=2033681205,「嘻哈风」请开始你的的freestyle表演,54万,周_阿粥
/playlist?id=21410334,获得过21个冠军歌曲.乡村音乐”优雅巨人.Do,688万,你先去洗洗
/playlist?id=5062682910,英文歌杂物架｜节奏感满满的浪漫,183万,小翁不想网抑云
/playlist?id=7569687448,死亡与新生交织，枯萎与绽放共存,58,夏日与晚安君
/playlist?id=21401617,美国乡村音乐44首经典冠军曲(上),338万,般不丢
/playlist?id=389197217,Deep 【你一定喜欢的优质英文歌,111万,JoyceL乔乔
/playlist?id=2309113084,[黑燃] 致汤姆?里德尔 致伏地魔,67万,Annipog
/playlist?id=389611402,『美国自驾』USA西部旅行66号1号公路...,308万,北南乐队
/playlist?id=7618406142,洗澡随身听 | 享受极致沐浴体验,130,Dream_d7
/playlist?id=7238482918,2022全年抖腿指南，愿信仰的火光洒满人间,24614,NickyRomero
/playlist?id=3111369145,抱歉 我天生很酷 走路带风,324万,鹿白川
/playlist?id=7581712929,人生总会有不期而遇的温暖给予到你,4752,Last_fifty
/playlist?id=7619298304,欧美神级翻唱！每一首都值得循环播放,24,夏日与晚安君
/playlist?id=65080183,【燃】健身房的音乐该换了。,168万,完美的灵魂
/playlist?id=22242195,跑步时听了像打鸡血,2162万,GaryKuang
/playlist?id=7600223051,「Akon」辨识度巨高的歌手，哦不巨星,13万,RyanZ阿郑
/playlist?id=7541603056,美剧【终极名单】The.Terminal.List,704,恰如你所爱
/playlist?id=78529193,健身力量增肌有氧减脂无氧HIIT必备 | 持续,4602万,喵星人搬来的救兵
/playlist?id=7581818716,??g迎淼秸宗J舞迪厅??,1821,具象波
/playlist?id=5277173612,『游戏』高燃律动 | 带动全场,157万,晚安晚Ying
/playlist?id=2973542133,Acoustic | 在恬静温柔中浅淡清欢,373万,-KooTo-
/playlist?id=6583659682,ASH'S BGM,14万,Aaash19
/playlist?id=2804505435,炸裂好听的英文歌大全,21万,吞了个音符
/playlist?id=7455042876,学习时BGM｜不更新动态的日子都在默默努力,11817,Bzstrive
/playlist?id=4983181389,欧美｜听话哦，假期宅在家好好听歌吧。,309万,傻傻傻傻傻了
/playlist?id=813333839,打游戏必备| 感受这场听觉盛宴!,2622万,chaz1
/playlist?id=170233306,如沐春风?乡村音乐里的恋爱指南,39万,yin雪燕
/playlist?id=2315633602,开车挚爱美式乡村精选,43万,啊立煌姓邹
/playlist?id=2861760098,【Billboard】在榜50周以上的单曲合集,382万,MusicalTimes
/playlist?id=25201357,大师们牛逼轰轰的Swing Jazz,980万,川水也
/playlist?id=837456,听一句就会喜欢上的英文歌,4954万,山北大洋
/playlist?id=2892054295,跑步时听的歌（超好听英文歌）（持更）,172万,她恍如神明
/playlist?id=102463641,100blues大师-布鲁斯是他们的生命,291万,周公好兄弟
/playlist?id=156157272,【辐射4】钻石城电台完全曲目,137万,来我厨房
/playlist?id=2605708474,我粞e的的小酒^,125万,与你赴海
/playlist?id=461471748,Justin Bieber 无重复全收录,152万,世界第一无聊宝盖小木
/playlist?id=2898257741,<迷幻花园>玫瑰生长于灵魂之上,496万,宇宙核心漫游骑士
/playlist?id=7536303854,欧美流行European and American Popular,1629,FadedWalker61454
/playlist?id=2216186945,【超好听的英文歌】流行热歌 持续更新,153万,今天还有故事吗
/playlist?id=7499230376,【欧美男声】让人沦陷的绝美嗓音,11万,音乐合伙人
/playlist?id=534193762,?? EDM | 欧美女声与电音的极致碰撞,69万,-GIRLHOODH-
/playlist?id=2904040578,Taylor Swift | 歌曲全收录,42万,莓学家
/playlist?id=622700756,把耳朵叫醒??！好听的欧美Acoustic合辑,101万,傻傻傻傻傻了
/playlist?id=863589279,Trap Rap 聚集地,177万,Lil--Poison
/playlist?id=6598065320,坠入欧美音海 沉溺每个心动瞬间,518万,@珩
/playlist?id=4871731868,?欧美｜英文治愈系歌曲?,107万,茶球_DR0E
/playlist?id=321394227,「salon店用音乐」 ?,16万,深沉公子-
/playlist?id=508920727,气场全开，黑人音乐 就是这么拽,903万,GossipNeverEnds
/playlist?id=25417131,个人私藏最好的英文歌,2557万,光芒与希望
/playlist?id=114502510,?跑步音乐-脚步跟着节奏动起来,3070万,超Fans炒饭
/playlist?id=113939637,深情老男嗓&女声和音,166万,完美的灵魂
/playlist?id=448372545,「欧美惊艳翻唱」唤醒沉睡的耳朵,1612万,单音系
/playlist?id=7563493438,〔精神氮泵&有氧训练〕,847,DT-流沙
/playlist?id=777978518,「百首旋律向的英文男声」,1008万,后来就起风了
/playlist?id=2769139351,欧美R&B ：耳畔划过爱情的轻语,140万,蜜糖男孩
/playlist?id=5028649507,『刷到我品味一流』,82万,Ceaoee
/playlist?id=80425302,哼着小调，跟着节拍一起跳起来吧,33万,艾维娜之羽
/playlist?id=22548112,世界上22位拥有最伟大嗓音的歌手*歌曲集锦,35万,pure日月
/playlist?id=5395357397,午夜拥抱计划°你的温柔浪漫治愈基地,14万,后原
/playlist?id=2084738832,赶走阴霾 来一首欢快的欧美小调,3210万,鹿白川
/playlist?id=557266433,无前奏 舒服女声开口醉,3108万,O你
/playlist?id=25669251,让人静心的吉他民谣,98万,墨_子
/playlist?id=7567026775,【30 Seconds To Mars】太空摇滚,187,布尔什维克近卫军
/playlist?id=555901083,咖啡店宝藏歌单 必有你爱,23万,I-CAN_Treat_You-Better
/playlist?id=3111439223,LoungeMusic Chill Out丨沙发酒吧音乐,35万,BladeofCarter
/playlist?id=5359233625,【早安】我频繁记录着 因为生活值得,127万,你是七月的欢喜
/playlist?id=383337783,【现代乡村音乐】你不能错过的好音乐,393万,Romantic丶Notes
/playlist?id=4877064917,音乐时光机 | 黑人乐团进化史,33万,Keung13
/playlist?id=715662722,婚礼暖场 | 你很有天赋 跟我结婚好了,18万,咕噜咀嚼C
/playlist?id=109308645,咖啡馆里一本书，邂逅一首爵士,726万,desnuages
/playlist?id=2295031940,【NBA篮球音乐】未来是你的,32万,奋力爬上山巅的山羊
/playlist?id=503256316,耳 朵  孕 S 列,186万,chuh7sanm
/playlist?id=12367803,欧美・乡村民谣精选集,16万,墨_子
/playlist?id=2175493416,极致魅惑‖性感律动‖病娇色菹BGM,369万,PEachhhh0624
/playlist?id=7563860125,晚安曲｜想躺在云层里打呼噜,64,安Vivienne
/playlist?id=2939725092,[BGM]超带感欧美良曲（典藏版）,1238万,小Z要早睡
/playlist?id=2957135430,打起精神熬起夜，补作业战魂歌单,73万,云音乐VIP
/playlist?id=2306385244,宝藏歌|| rnb/neosoul,57万,ciciwxxx
/playlist?id=2633905930,a惊艳英文温柔女声,88万,我不是S仙呀
/playlist?id=75950020,梦龙，林肯公园，魔力红，共和，酷玩，翻闹,749万,DTake-it
/playlist?id=5188658975,后朋复兴 ‖ 桀骜不逊的复古黑暗美学,19万,英格兰的童话
/playlist?id=5301805336,老叁的小众歌单,11万,老叁音乐
/playlist?id=389535278,【入门向】那些经典的音乐剧主题曲,117万,辞雀
/playlist?id=7602742831,Lounge Music沙发音乐｜放空时刻享受慢生活,33,夏日与晚安君
/playlist?id=157351202,【高能节奏?拳击嗨起】,58万,11笑颜
/playlist?id=6650079901,细腻听感丨跃入斑斓的节奏布鲁斯潜游,94万,你丢的月亮吗
/playlist?id=4879834665,马龙Post Malone,70万,维维超人丶
/playlist?id=602888273,「英文」就是喜欢这个feel,98万,丶达岸
/playlist?id=2988424860,享受极致的温柔【欧美】,50万,52Hertzzz-
/playlist?id=421463878,欧美・抒情丨、潺在心底流淌的歌,462万,丶卡布丨奇诺彡
/playlist?id=9730150,一杯咖啡的静谧小时光，漫漫舒心,41万,暮色dusk
/playlist?id=6669939262,Future Bass|迷幻世界 极度沉迷,14万,97CHRISTOPHER
/playlist?id=102445100,让你停不下来的带感HipHop,674万,JediMindTricks
/playlist?id=493771050,俄罗斯语/乌克兰语流行,34505,网友阿力
/playlist?id=2468460689,Future Bass|绚丽之心，律动梦境,27万,Spectual
/playlist?id=5217031096,JAZZ | 咖啡重度依赖者必备,237万,挖掘机夫斯基
/playlist?id=2650889272,一起蹦迪吗？扭断脖子那种！,1590万,隔壁老杨OvO
/playlist?id=45065364,视街舞为生命，爵士，hiphop常用，不断更新,862万,`妞是个大迷妹
/playlist?id=831028363,PotPvP,18万,Ayearr
/playlist?id=92146466,个人喜欢的极致旋律嘻哈,1106万,naTso
